"","group"
"CCFEE_5036","G016"
"CCFEE_5044","G016"
"CCFEE_5056","G004"
"CHIFNET_10NJ071","Outlier006"
"CHIFNET_12H1194","G005"
"CHIFNET_12H1239","Outlier039"
"CHIFNET_12TZ210","Outlier043"
"CHIFNET_12TZ220","Outlier031"
"CHIFNET_12TZ307","Outlier033"
"CHIFNET_12TZ349","Outlier033"
"CHIFNET_13H1268","Outlier007"
"CHIFNET_13TZ419","G009"
"CHIFNET_14HX707","Outlier037"
"CHIFNET_14NJ214","Outlier001"
"CHIFNET_14NJ227","Outlier039"
"CHIFNET_14NJ231","Outlier038"
"CHIFNET_14NJ268","Outlier009"
"CHIFNET_15TZ568","Outlier031"
"CHIFNET_16H1488","G012"
"CHIFNET_16TZ585","Outlier020"
"CHIFNET_16TZ588","Outlier031"
"CHIFNET_16TZ598","Outlier033"
"CHIFNET_17TZ638","G015"
"CHIFNET_17TZ653","G009"
"CHIFNET_17TZ658","G009"
"CHIFNET_18HX1218","G015"
"CHIFNET_18HX1225","G004"
"CHIFNET_18NJ590","G015"
"CHIFNET_18TZ699","G015"
"CHIFNET_19HX1293","Outlier026"
"CHIFNET_A343","Outlier032"
"CHIFNET_CBS316","G004"
"CHIFNET_CGMCC_2.2506","G015"
"CHIFNET_CGMCC_2.5541","G008"
"CHIFNET_CGMCC_2.5690","G004"
"DBVPG_10619","G015"
"DBVPG_10656","G018"
"DBVPG_10780","G015"
"DBVPG_10842","G017"
"DBVPG_10882","G016"
"DBVPG_10886","G013"
"DBVPG_10937","Outlier013"
"DBVPG_3044","G005"
"DBVPG_3045","Outlier004"
"DBVPG_3090","G005"
"DBVPG_3235","G005"
"DBVPG_3236","G005"
"DBVPG_3237","G007"
"DBVPG_3238","G015"
"DBVPG_3239","G015"
"DBVPG_3381","G007"
"DBVPG_3382","G007"
"DBVPG_3383","G007"
"DBVPG_3384","G007"
"DBVPG_3442","G018"
"DBVPG_3443","G018"
"DBVPG_3444","Outlier004"
"DBVPG_3445","Outlier004"
"DBVPG_3446","Outlier004"
"DBVPG_3538","G007"
"DBVPG_3774","G007"
"DBVPG_3775","G018"
"DBVPG_3776","G018"
"DBVPG_3777","G018"
"DBVPG_3778","G018"
"DBVPG_3780","G018"
"DBVPG_3854","Outlier008"
"DBVPG_3855","Outlier011"
"DBVPG_3856","Outlier008"
"DBVPG_3857","Outlier008"
"DBVPG_3858","G018"
"DBVPG_3983","G005"
"DBVPG_3984","G005"
"DBVPG_4201","G011"
"DBVPG_4202","G011"
"DBVPG_4203","G011"
"DBVPG_4304","Outlier042"
"DBVPG_4376","G004"
"DBVPG_4377","G005"
"DBVPG_4378","G018"
"DBVPG_4379","G006"
"DBVPG_4380","G001"
"DBVPG_4408","G004"
"DBVPG_4466","Outlier040"
"DBVPG_4534","G001"
"DBVPG_4618","Outlier044"
"DBVPG_4669","G015"
"DBVPG_4920","G018"
"DBVPG_4945","G017"
"DBVPG_4946","G018"
"DBVPG_4947","G017"
"DBVPG_4949","G015"
"DBVPG_4950","G015"
"DBVPG_4952","Outlier005"
"DBVPG_4956","G015"
"DBVPG_4957","G015"
"DBVPG_4958","Outlier013"
"DBVPG_4962","G018"
"DBVPG_4963","G018"
"DBVPG_4964","G015"
"DBVPG_5225","G016"
"DBVPG_5226","G016"
"DBVPG_5227","G016"
"DBVPG_5228","G016"
"DBVPG_5229","G016"
"DBVPG_5235","G016"
"DBVPG_5236","G013"
"DBVPG_5757","G004"
"DBVPG_5758","G004"
"DBVPG_5759","G004"
"DBVPG_6091","G018"
"DBVPG_6092","G018"
"DBVPG_6093","G015"
"DBVPG_6094","G004"
"DBVPG_6593","G018"
"DBVPG_6649","G020"
"DBVPG_6660","G020"
"DBVPG_6741","Outlier035"
"DBVPG_6742","Outlier042"
"DBVPG_6743","G018"
"DBVPG_6803","G013"
"DBVPG_7019","Outlier035"
"DBVPG_8043","G001"
"EXF_10533","G004"
"EXF_12281","G004"
"EXF_12768","Outlier017"
"EXF_13250","G020"
"EXF_13255","G020"
"EXF_13260","G013"
"EXF_13261","G013"
"EXF_13599","G004"
"EXF_13600","G013"
"EXF_13601","G020"
"EXF_13602","Outlier040"
"EXF_13604","G016"
"EXF_1510","G017"
"EXF_1565","G013"
"EXF_1585","G013"
"EXF_1676","G013"
"EXF_1686","G013"
"EXF_1695","G004"
"EXF_1704","G006"
"EXF_2251","G013"
"EXF_3417","G013"
"EXF_3530","G013"
"EXF_3538","G006"
"EXF_3540","G013"
"EXF_3544","G013"
"EXF_3569","G013"
"EXF_3592","G013"
"EXF_3595","G018"
"EXF_3604","G006"
"EXF_3609","G013"
"EXF_3612","G013"
"EXF_3622","G013"
"EXF_3626","G006"
"EXF_3629","G020"
"EXF_3633","G020"
"EXF_3790","G018"
"EXF_3860","G018"
"EXF_3861","G018"
"EXF_3862","G018"
"EXF_4885","G016"
"EXF_5546","G013"
"EXF_5666","G001"
"EXF_5668","G020"
"EXF_5775","G004"
"EXF_5938","G013"
"EXF_5939","G013"
"EXF_5940","G004"
"EXF_5941","Outlier034"
"EXF_6243","G004"
"EXF_6252","G004"
"EXF_6325","G013"
"EXF_6360","Outlier044"
"EXF_6370","G004"
"EXF_6373","G004"
"EXF_7386","G020"
"EXF_7920","G013"
"EXF_7931","G013"
"EXF_7934","G013"
"EXF_7944","G013"
"EXF_7949","G004"
"EXF_8006","G013"
"EXF_8014","G013"
"EXF_8109","G006"
"EXF_8151","G013"
"EXF_8155","G013"
"EXF_8254","G013"
"EXF_8395","Outlier044"
"EXF_8400","Outlier014"
"EXF_8463","Outlier014"
"EXF_8464","G013"
"EXF_8465","Outlier041"
"EXF_8891","G013"
"EXF_8898","G013"
"EXF_8921","G013"
"EXF_8942","Outlier041"
"EXF_8984","G013"
"EXF_9051","Outlier028"
"EXF_9595","G018"
"EXF_9756","Outlier036"
"EXF_9762","G013"
"EXF_9926","G006"
"EXF_9950","G004"
"F6_1S_P_1A","G012"
"F6_1S_P_1B","G012"
"F6_1S_P_1C","G012"
"F6_4S_B_2A","G012"
"F6_4S_B_2B","G020"
"F6_4S_B_2C","G012"
"F6_4S_P_3B","G012"
"F6_4S_P_3C","G012"
"F6_4S_P_4A","G012"
"F6_4S_P_4B","G012"
"F6_4S_P_5A","G012"
"F6_4S_P_5B","G012"
"F6_6S_B_1A","G012"
"F6_6S_B_1B","G012"
"F6_6S_B_1C","G012"
"F6_6S_P_1A","G012"
"F6_6S_P_1B","G012"
"F6_6S_P_1C","G012"
"F6_6S_P_2A","G012"
"F6_6S_P_2B","G012"
"F6_7S_B_2A","G003"
"F6_7S_B_2B","G003"
"F6_7S_B_2C","G003"
"F6_7S_P_6B","G003"
"F6_7S_P_7A","G003"
"F6_7S_P_7B","G003"
"F6_7S_P_7C","G003"
"F6_8S_B_1B","G020"
"F6_8S_P_5A","G001"
"F6_8S_P_5B","G001"
"F6_8S_P_6A","G020"
"F6_8S_P_6B","G020"
"F8_1S_2B","G012"
"F8_1S_3B","G012"
"F8_3S_1B","G012"
"F8_3S_1P","G012"
"F8_3S_2B","G012"
"F8_3S_2P","G012"
"F8_3S_3B","G012"
"F8_3S_3P","G012"
"F8_4S_1P","G012"
"F8_4S_2P","G012"
"F8_4S_4B","Outlier025"
"F8_4S_5B","G012"
"F8_5S_2B","G012"
"F8_5S_3B","Outlier030"
"F8_5S_4P","G012"
"F8_5S_5P","G012"
"F8_5S_6P","Outlier030"
"F8_6S_1B","G012"
"F8_6S_2B","G012"
"IF1SG-B1","G017"
"IF1SW-B1","G017"
"IF1SW-F2","Outlier027"
"IF2SG-B1","G017"
"IF3SG-B1","G017"
"IF3SW-F2","G012"
"IF4SW-B1","G012"
"IF4SW-B2","G017"
"IF4SW-F2","G017"
"IF5SW-F1","G012"
"IF6SG-B1","G017"
"IF6SW-B2","G017"
"IF6SW-F1","G017"
"IF7SG-B1","G017"
"IF7SW-B3","G017"
"IF8SG-B1","G017"
"IF8SW-B2","G017"
"IF8SW-P2","G012"
"IFCSG-B1","G017"
"IIF1SW-F1","G012"
"IIF2SW-F1","G017"
"IIF2XSW-B1","G017"
"IIF2XSW-F1","G017"
"IIF4SW-F1","G012"
"IIF5SW-F2","G012"
"IIF6SW-B1","G012"
"IIF6SW-B2","G017"
"IIF6SW-F1","G017"
"IIF8SW-B2","G017"
"IIF8SW-B3","G017"
"IIF8SW-F1","G017"
"IIFCSW-F1","G012"
"JGTA-S1","Outlier018"
"NRRL_Y-2510","G004"
"RIT389","Outlier003"
"SB-353","Outlier019"
"TFCN_100D-1","G015"
"TFCN_102C-1","G011"
"TFCN_102C-2","Outlier026"
"TFCN_102D-1","G015"
"TFCN_102D-2","G011"
"TFCN_105A-2","G010"
"TFCN_106A-1","G008"
"TFCN_107A-6","G015"
"TFCN_107C-3","G015"
"TFCN_110C-1","G009"
"TFCN_118C-2","G015"
"TFCN_122C-2","G009"
"TFCN_130D-4","G010"
"TFCN_134A-3","G020"
"TFCN_137C-3","Outlier029"
"TFCN_137D-4","Outlier029"
"TFCN_138A-1","G009"
"TFCN_140A-3","G015"
"TFCN_141C-2","Outlier032"
"TFCN_152A-1","G019"
"TFCN_152A-12","G008"
"TFCN_152A-2","G015"
"TFCN_152A-5","G010"
"TFCN_152C-5","G015"
"TFCN_17-0-2E334-10","G015"
"TFCN_17-0-2E334-4","Outlier010"
"TFCN_17-0-2E337-3","G019"
"TFCN_17-0-2E390-1","G002"
"TFCN_17-0-2E390-2","G002"
"TFCN_17-267M-1","Outlier012"
"TFCN_17-291Y-1","G019"
"TFCN_17-325D-2","G011"
"TFCN_17-325D-4","G011"
"TFCN_17-325P-1","G011"
"TFCN_17-329Y-4","G019"
"TFCN_17-332C-1","G010"
"TFCN_17-332C-2","G010"
"TFCN_17-332D-1","G014"
"TFCN_17-332M-1","G020"
"TFCN_17-332M-2","Outlier021"
"TFCN_17-332P-1","G014"
"TFCN_17-332P-2","G010"
"TFCN_17-333D-2","G008"
"TFCN_17-333P-6","Outlier006"
"TFCN_17-334C-1","G010"
"TFCN_17-334D-6","G019"
"TFCN_17-334P-3","G015"
"TFCN_17-334Y-2","Outlier023"
"TFCN_17-334Y-3","G015"
"TFCN_17-334Y-5","G019"
"TFCN_17-337P-5","Outlier010"
"TFCN_17-338D-3","G014"
"TFCN_17-390M-1","G002"
"TFCN_172A-1","G009"
"TFCN_17Y-278-1","G019"
"TFCN_181A-1","G008"
"TFCN_1A-14","G020"
"TFCN_209-6-1","G009"
"TFCN_209-6-11","G009"
"TFCN_209-6-12","G009"
"TFCN_209-6-14","G009"
"TFCN_209-6-17","G009"
"TFCN_209-6-2","G009"
"TFCN_209-6-4","Outlier022"
"TFCN_209-6-5","G009"
"TFCN_211A-3","G015"
"TFCN_212C-2","Outlier023"
"TFCN_213-6-2","Outlier029"
"TFCN_213-6-4","Outlier029"
"TFCN_223A-8","G008"
"TFCN_22C-4","G002"
"TFCN_25-0-2E332-1","Outlier021"
"TFCN_25-0-2E333-1","Outlier010"
"TFCN_25-0-2E333-5","G015"
"TFCN_25-0-2E333-7","G011"
"TFCN_25-0-2E333-9","G015"
"TFCN_25-0-2E334-1","Outlier002"
"TFCN_25-0-2E390-1","G002"
"TFCN_25-325Y-1","G014"
"TFCN_25-327D-1","G015"
"TFCN_25-331D-1","G002"
"TFCN_25-332C-1","G014"
"TFCN_25-332D-1","G014"
"TFCN_25-332D-2","Outlier015"
"TFCN_25-332M-1","G014"
"TFCN_25-332M-2","G015"
"TFCN_25-332P-2","G010"
"TFCN_25-332Y-1","G010"
"TFCN_25-333C-2","G015"
"TFCN_25-333P-2","G015"
"TFCN_25-333Y-10","G001"
"TFCN_25-333Y-9","G015"
"TFCN_25-334D-3","G006"
"TFCN_25-334Y-6","G001"
"TFCN_25-335Y-1","Outlier021"
"TFCN_25-337M-3","G010"
"TFCN_25-337Y-1","G014"
"TFCN_25-395P-1","G001"
"TFCN_270H-1","Outlier002"
"TFCN_270H-2","G015"
"TFCN_273H-1","G015"
"TFCN_2M-1-4","G015"
"TFCN_33A-4","G001"
"TFCN_340-1","G015"
"TFCN_340-3","G015"
"TFCN_342-3","G010"
"TFCN_363-1-2","G015"
"TFCN_3M-1-1","G020"
"TFCN_404D-1","Outlier003"
"TFCN_4M-1-2","G015"
"TFCN_4M-1-3","G008"
"TFCN_4M-1-4","G008"
"TFCN_4M-1-5","G008"
"TFCN_54D-1","G019"
"TFCN_54D-2","G008"
"TFCN_86A-12","Outlier029"
"TFCN_86A-3","G008"
"TFCN_89D-3","G015"
"TFCN_98A-10","G015"
"TFCN_98A-5","G008"
"TFCN_98C-3","G008"
"TFCN_98C-5","Outlier024"
"TFCN_98C-7","G015"
"TFCN_98C-8","G008"
"TFCN_98D-11","G008"
"TFCN_98D-7","G009"
"TFCN_98D-9","G009"
"VS_AB_II_KN_2","G001"
"YB15","Outlier016"
"rhodo3571","G018"
