Identifier,Strain,Species,Salt6,T4C,T15C,T22C,T30C,T37C
1,DBVPG_6743,Rhodotorula mucilaginosa,1.6205,0.4079,2.3769,4.1810,7.0901,0.0000
3,CHIFNET_13H1268,Rhodotorula mucilaginosa,0.9429,0.5010,0.9628,1.7040,3.9408,1.1443
4,CHIFNET_19HX1293,Rhodotorula mucilaginosa,1.6894,0.7204,1.6625,3.0612,4.4616,1.3488
7,F6_6S_B_1B,Rhodotorula mucilaginosa,1.2710,0.9197,1.7947,3.1459,3.4844,2.1079
8,DBVPG_4669,Rhodotorula mucilaginosa,1.4269,0.7922,1.8218,2.8452,3.6948,1.7773
11,EXF_8984,Rhodotorula mucilaginosa,0.8150,0.0896,1.3996,2.1154,3.0219,0.0000
12,TFCN_98D-9,Rhodotorula mucilaginosa,1.41467309,1.0243167,1.7488886,2.87682601,3.8130,0
13,DBVPG_3778,Rhodotorula mucilaginosa,0.51122431,0.0000000,0.7580796,1.19408752,2.4549,0
14,CHIFNET_18NJ590,Rhodotorula mucilaginosa,1.03587389,0.7290082,1.8748636,3.50092685,6.0868,0
16,EXF_6373,Rhodotorula mucilaginosa,1.68034670,0.8827337,1.6508349,3.05991729,5.0472,0
17,CHIFNET_CGMCC_2.5690,Rhodotorula mucilaginosa,1.82257967,0.7541751,1.5349089,2.90518993,5.5282,0
18,EXF_6252,Rhodotorula mucilaginosa,0.00000000,0.7226471,1.4486240,2.16318279,2.6215,0
19,F6_6S_P_2A,Rhodotorula mucilaginosa,1.20434195,0.4234548,0.9480526,2.12835112,2.8650,1.352105216
20,EXF_13260,Rhodotorula mucilaginosa,1.43908478,0.8049819,1.4025531,2.23885169,3.5013,0
21,TFCN_33A-4,Rhodotorula mucilaginosa,1.29748579,0.0000000,1.0804022,2.07067532,3.0992,0
23,EXF_9051,Rhodotorula mucilaginosa,1.35130576,0.9426794,1.8488415,3.02375428,5.2171,0
25,DBVPG_3780,Rhodotorula mucilaginosa,0.69294494,0.0000000,0.5333505,1.98604328,3.4764,0
26,CHIFNET_14NJ268,Rhodotorula mucilaginosa,1.19049091,0.5774700,1.8341290,3.13386492,5.3361,0
27,CHIFNET_10NJ071,Rhodotorula mucilaginosa,1.20698609,0.5291350,1.9944841,3.10886877,3.7196,0
28,F6_1S_P_1C,Rhodotorula mucilaginosa,1.14433673,0.6928955,0.8088723,1.70422598,2.8405,0
29,TFCN_363-1-2,Rhodotorula mucilaginosa,1.17405056,0.6174883,1.6890134,2.31885184,3.5456,0
30,EXF_8898,Rhodotorula mucilaginosa,0.44740348,0.0000000,0.8156067,1.63504281,2.4767,0
31,F6_7S_B_2B,Rhodotorula mucilaginosa,1.71765879,0.8526660,1.8516850,2.59568869,3.1682,0
33,TFCN_340-3,Rhodotorula mucilaginosa,1.51266906,0.7913204,2.3537053,3.46180289,4.8052,0
35,TFCN_54D-1,Rhodotorula mucilaginosa,1.21196170,0.6673962,1.2520809,1.89992737,3.2966,0
36,F6_8S_P_5B,Rhodotorula mucilaginosa,0.00000000,0.4808661,1.3810144,1.94450431,2.7824,0
38,CHIFNET_15TZ568,Rhodotorula mucilaginosa,1.27784546,0.7263220,1.9804946,3.80342757,6.3770,0
39,CHIFNET_12H1239,Rhodotorula mucilaginosa,1.08013970,0.3929362,1.4085878,2.22524558,3.3596,0
40,F6_4S_P_3C,Rhodotorula mucilaginosa,2.31999324,1.7363022,1.5952593,2.20781616,4.0302,0
41,CHIFNET_CGMCC_2.2506,Rhodotorula mucilaginosa,1.50558650,0.5969316,1.0774585,2.27501698,2.9570,0
42,EXF_8921,Rhodotorula mucilaginosa,1.57809121,0.8153913,1.4991587,2.38662024,3.7549,0
43,CHIFNET_18TZ699,Rhodotorula mucilaginosa,1.39634442,0.7769437,1.2540879,2.31842123,2.8194,0
44,DBVPG_10656,Rhodotorula mucilaginosa,1.18173927,0.0000000,1.2656595,2.27086046,3.2980,0
45,TFCN_25-334Y-6,Rhodotorula mucilaginosa,1.17310032,0.7168752,1.7710568,2.74773273,3.5384,0
47,CCFEE_5036,Rhodotorula mucilaginosa,0.51149592,0.0000000,0.9729161,1.74542447,2.1575,0
48,F6_8S_P_6A,Rhodotorula mucilaginosa,1.45463260,0.7316186,1.8563621,2.45358172,3.9052,0
49,DBVPG_3776,Rhodotorula mucilaginosa,1.31872034,0.6739280,2.0029350,3.19576755,5.5098,0
50,DBVPG_4956,Rhodotorula mucilaginosa,1.26141800,0.5954585,1.0728946,1.96090520,3.3145,0.2756225775
51,CHIFNET_12TZ349,Rhodotorula mucilaginosa,1.46441952,0.4979500,1.2848874,1.85826741,3.5536,0
53,CHIFNET_14HX707,Rhodotorula mucilaginosa,1.42254866,0.5327428,1.7174719,2.86918507,3.8108,0
55,F8_1S_3B,Rhodotorula mucilaginosa,1.14119644,0.3789995,1.2803762,2.23711439,3.5396,0
57,TFCN_25-335Y-1,Rhodotorula mucilaginosa,1.78324697,0.0000000,2.1494892,3.35330299,5.4994,0
58,EXF_13255,Rhodotorula mucilaginosa,1.21993300,0.7141690,1.5877996,2.26555908,3.7655,0
59,DBVPG_8043,Rhodotorula mucilaginosa,1.26532926,0.5857888,1.2323249,1.81674643,3.0513,0
62,TFCN_3M-1-1,Rhodotorula mucilaginosa,1.21939448,0.9220162,1.7590891,2.61237234,2.9653,0
63,EXF_8400,Rhodotorula mucilaginosa,1.22013967,0.6101662,1.2810095,2.18511787,2.7839,0
64,TFCN_89D-3,Rhodotorula mucilaginosa,1.31048722,0.3276126,1.1860467,1.83831540,2.5507,0
66,EXF_9756,Rhodotorula mucilaginosa,1.07485371,0.3630755,0.9884628,1.50194473,1.6330,0
68,DBVPG_10619,Rhodotorula mucilaginosa,1.13126378,0.5278447,2.0051720,2.42794140,2.9554,0
69,TFCN_2M-1-4,Rhodotorula mucilaginosa,1.70678070,1.1803708,1.7861412,2.99733933,5.1476,0
70,TFCN_404D-1,Rhodotorula mucilaginosa,1.40476678,0.9291834,2.3132298,3.05939331,3.1055,0
72,TFCN_98C-3,Rhodotorula mucilaginosa,1.02374094,0.0000000,1.4939235,2.48663394,5.3353,0
73,DBVPG_5236,Rhodotorula mucilaginosa,1.43274423,0.6877019,1.9285861,3.35382729,5.0074,0
74,DBVPG_4957,Rhodotorula mucilaginosa,1.26386812,0.6492860,1.3460161,2.43419711,3.3803,0.961993863
75,EXF_5775,Rhodotorula mucilaginosa,1.28257384,0.4415145,1.5558778,2.64748288,3.1656,0
76,CHIFNET_CBS316,Rhodotorula mucilaginosa,1.39411401,0.8201241,1.9184374,2.90795871,4.2580,0
77,DBVPG_5228,Rhodotorula mucilaginosa,1.51667841,0.9202504,2.1410176,3.24393883,4.2465,0
78,EXF_9762,Rhodotorula mucilaginosa,1.03175642,0.6791324,1.4340808,2.54694016,3.7754,0
79,DBVPG_3443,Rhodotorula mucilaginosa,1.52874844,0.6755981,1.3927868,2.36648987,3.6858,0
80,TFCN_25-333Y-10,Rhodotorula mucilaginosa,1.39447007,0.5969346,1.5655058,2.52018607,4.1128,0
82,TFCN_98A-10,Rhodotorula mucilaginosa,1.18348147,0.4130940,1.3818565,1.87460517,3.6403,0
84,TFCN_98C-5,Rhodotorula mucilaginosa,0.76340963,0.0000000,1.6644484,2.56614807,5.9559,0
85,CCFEE_5056,Rhodotorula mucilaginosa,0.00000000,0.7711582,1.8183580,3.52413356,7.4713,0
86,CHIFNET_14NJ227,Rhodotorula mucilaginosa,1.32547783,0.4421204,1.9545569,3.05357924,4.5053,0
87,EXF_5938,Rhodotorula mucilaginosa,1.17153119,0.4847423,1.6831300,2.67891381,3.6550,0
89,CHIFNET_13TZ419,Rhodotorula mucilaginosa,1.41607044,0.4956017,2.0217761,3.07164531,3.6796,0
90,F6_4S_P_4A,Rhodotorula mucilaginosa,1.33935772,0.7169873,1.6995669,3.11728458,4.0735,0
91,DBVPG_4534,Rhodotorula mucilaginosa,1.40994144,0.7341751,1.8129421,2.82665278,4.8434,0
93,TFCN_25-333Y-9,Rhodotorula mucilaginosa,1.23785770,0.6525437,1.8895058,2.66871694,4.0094,0.6472706718
94,DBVPG_4958,Rhodotorula mucilaginosa,1.60713768,0.7516133,1.9459832,2.94669844,4.3577,3.542968346
96,TFCN_98D-11,Rhodotorula mucilaginosa,0.00000000,0.0000000,0.0000000,0.00000000,0.0000,0
97,EXF_5939,Rhodotorula mucilaginosa,1.15091307,0.0000000,1.8646907,2.92681668,3.7504,0
98,EXF_8891,Rhodotorula mucilaginosa,1.43642887,0.4682651,1.8011397,3.15864003,4.4393,0
99,EXF_6325,Rhodotorula mucilaginosa,1.32706218,0.5202264,1.5351347,2.99703323,4.0387,0
100,EXF_7934,Rhodotorula mucilaginosa,1.23556376,0.6613282,0.8991196,3.00723397,4.1252,0
101,EXF_8254,Rhodotorula mucilaginosa,1.26250775,0.5834578,1.5930104,2.99355844,4.3675,0
103,F6_4S_P_3B,Rhodotorula mucilaginosa,1.93631194,0.6822675,2.4081464,4.33987753,4.8100,0
104,F6_6S_P_2B,Rhodotorula mucilaginosa,1.64223828,0.0000000,2.2201411,3.99614871,3.5825,0
110,F6_4S_P_5A,Rhodotorula mucilaginosa,1.37227160,0.5915481,0.0000000,3.12044138,4.9922,0
111,EXF_6360,Rhodotorula mucilaginosa,1.39609951,0.5633867,0.0000000,2.77459810,3.6434,0
112,EXF_7944,Rhodotorula mucilaginosa,1.20119153,0.5846612,1.2456266,2.51663652,3.1464,0
113,EXF_8395,Rhodotorula mucilaginosa,1.36385164,0.7323405,1.4620466,2.69364346,3.7199,0
114,EXF_9926,Rhodotorula mucilaginosa,1.36981864,0.6848112,1.3901773,2.59067801,3.1157,0
115,F6_4S_P_4B,Rhodotorula mucilaginosa,1.73555349,0.6401617,1.4238617,2.51404201,3.7839,0
116,F6_7S_B_2A,Rhodotorula mucilaginosa,0.00000000,0.4521721,1.5235475,2.45254167,3.6321,0
117,F8_1S_2B,Rhodotorula mucilaginosa,0.00000000,0.4814478,0.0000000,2.34584367,2.8705,0
118,TFCN_340-1,Rhodotorula mucilaginosa,1.28464030,0.4414434,1.9539013,2.95419688,3.8531,0
119,DBVPG_4964,Rhodotorula mucilaginosa,0.00000000,0.3874278,1.6496332,3.01926812,3.0028,0
121,CHIFNET_12H1194,Rhodotorula mucilaginosa,0.00000000,0.0000000,0.0000000,2.74595791,0.0000,0
122,CHIFNET_CGMCC_2.5541,Rhodotorula mucilaginosa,0.00000000,0.0000000,0.0000000,2.49917121,0.0000,0
123,EXF_6370,Rhodotorula mucilaginosa,0.00000000,0.5746950,1.3246342,2.00323223,0.0000,0
124,EXF_7949,Rhodotorula mucilaginosa,1.25396328,0.5774514,1.2671227,2.21863720,2.6428,0
125,EXF_8464,Rhodotorula mucilaginosa,1.46028802,0.6771796,1.4187485,2.43004302,3.3386,0
126,EXF_9950,Rhodotorula mucilaginosa,1.34439867,0.7002440,1.4405685,2.72126101,3.5376,0
127,F6_4S_P_5B,Rhodotorula mucilaginosa,1.32870883,0.7469616,1.4574140,2.60215024,3.3621,0
128,F6_7S_B_2C,Rhodotorula mucilaginosa,1.75878255,0.6925977,0.0000000,3.13614431,4.1763,0
129,TFCN_4M-1-2,Rhodotorula mucilaginosa,1.52572910,0.6198984,1.7970961,3.09421341,3.4932,0
130,CCFEE_5044,Rhodotorula mucilaginosa,1.77676859,0.6244499,1.8932318,3.19225593,4.4892,0
131,DBVPG_4618,Rhodotorula mucilaginosa,1.75739874,0.7445446,1.8334249,2.88675847,4.3959,0
132,EXF_13599,Rhodotorula mucilaginosa,0.00000000,0.0000000,1.5652484,2.92809449,3.6703,0
133,CHIFNET_12TZ210,Rhodotorula mucilaginosa,0.00000000,0.0000000,0.0000000,2.65225217,3.8746,0
134,EXF_5666,Rhodotorula mucilaginosa,1.12548078,0.0000000,1.1165389,2.17475686,3.3188,0
136,EXF_8006,Rhodotorula mucilaginosa,1.55700998,0.8318479,1.4488101,2.65499577,3.3984,0
137,EXF_8465,Rhodotorula mucilaginosa,1.55478970,0.7374773,1.4672222,2.60664871,4.1400,0
138,F6_1S_P_1A,Rhodotorula mucilaginosa,1.11261935,0.6071179,0.0000000,2.28977379,3.1229,0
139,F6_6S_B_1A,Rhodotorula mucilaginosa,0.92601245,0.5493777,0.0000000,2.15080437,3.0807,0
140,F6_7S_P_6B,Rhodotorula mucilaginosa,0.00000000,0.0000000,0.0000000,3.04846624,3.2932,0.5931182171
142,F6_8S_P_5A,Rhodotorula mucilaginosa,1.58079044,0.7236765,1.7559900,3.37058615,3.8244,0.9749941259
143,DBVPG_4920,Rhodotorula mucilaginosa,1.70402690,0.6380333,1.6562840,2.93897256,4.5340,1.128454029
144,EXF_13600,Rhodotorula mucilaginosa,1.48418679,0.0000000,0.0000000,3.01905279,4.0037,0.2040738095
145,CHIFNET_12TZ220,Rhodotorula mucilaginosa,1.48499074,0.0000000,0.0000000,2.65030103,4.3819,0
146,EXF_5668,Rhodotorula mucilaginosa,0.00000000,0.4944539,1.4877625,2.02654747,3.1108,0
147,EXF_7386,Rhodotorula mucilaginosa,1.60982909,0.0000000,0.0000000,2.33848594,3.8226,0
148,EXF_8014,Rhodotorula mucilaginosa,1.46909287,0.6161553,1.5555894,2.77619580,3.5604,0
150,F6_1S_P_1B,Rhodotorula mucilaginosa,0.00000000,0.0000000,0.0000000,2.30096260,0.0000,0
151,F6_6S_B_1C,Rhodotorula mucilaginosa,0.00000000,0.0000000,0.0000000,2.42743902,3.3778,0
152,F6_7S_P_7A,Rhodotorula mucilaginosa,0.00000000,0.0000000,1.5276054,1.94529221,0.0000,0
154,CHIFNET_14NJ231,Rhodotorula mucilaginosa,1.04158158,0.0000000,1.8046961,2.55713355,3.4337,0
155,DBVPG_4947,Rhodotorula mucilaginosa,0.00000000,0.0000000,2.1188295,3.01010637,4.3603,0
156,DBVPG_3044,Rhodotorula mucilaginosa,1.66526922,0.0000000,1.8480882,2.73063652,3.5005,0
157,CHIFNET_12TZ307,Rhodotorula mucilaginosa,1.84753139,0.0000000,0.0000000,2.87270630,3.9598,0
158,EXF_5940,Rhodotorula mucilaginosa,1.53448984,0.5568644,1.3446898,2.47112720,2.7753,0
160,EXF_8109,Rhodotorula mucilaginosa,0.00000000,0.0000000,0.0000000,1.97785289,2.9149,0
161,EXF_8942,Rhodotorula mucilaginosa,0.00000000,0.0000000,0.0000000,0.00000000,3.1128,0
162,F6_4S_B_2A,Rhodotorula mucilaginosa,1.45794978,0.7081105,1.7491583,2.65207842,3.3970,0
163,F6_6S_P_1A,Rhodotorula mucilaginosa,1.45221387,0.0000000,1.4480074,2.29819004,2.8122,0
164,F6_7S_P_7B,Rhodotorula mucilaginosa,0.00000000,0.0000000,0.0000000,3.16293718,3.7908,0
165,EXF_4885,Rhodotorula mucilaginosa,0.00000000,0.0000000,0.0000000,2.75071765,2.6749,0
167,DBVPG_4952,Rhodotorula mucilaginosa,1.43485677,0.5880972,1.8581481,3.26938059,3.9241,0
168,DBVPG_3045,Rhodotorula mucilaginosa,1.36954298,0.5691705,1.8034426,3.28040295,4.2489,0
169,EXF_8463,Rhodotorula mucilaginosa,0.97955148,0.0000000,1.5504105,2.57539617,3.2247,0
170,EXF_5941,Rhodotorula mucilaginosa,0.98590849,0.0000000,1.1386514,2.12992826,3.4214,0
171,EXF_7920,Rhodotorula mucilaginosa,0.00000000,0.4456686,1.2340807,2.30211849,3.0640,0
172,EXF_8151,Rhodotorula mucilaginosa,1.26467705,0.6237433,1.4310559,2.51840058,3.6578,0
174,F6_4S_B_2B,Rhodotorula mucilaginosa,1.49102360,0.0000000,1.7238899,2.31673340,3.1720,0
175,F6_6S_P_1B,Rhodotorula mucilaginosa,1.18516793,0.0000000,1.4870290,2.18242424,2.9696,0
176,F6_7S_P_7C,Rhodotorula mucilaginosa,1.15953564,0.0000000,1.7101180,2.37948090,2.2847,1.231226716
178,CHIFNET_14NJ214,Rhodotorula mucilaginosa,1.17426424,0.0000000,1.7854528,2.39583550,3.2369,0.6003938953
179,EXF_13261,Rhodotorula mucilaginosa,1.24215835,0.5618940,1.5274571,2.75418852,2.3353,0
180,DBVPG_3090,Rhodotorula mucilaginosa,0.00000000,0.5474502,1.7415402,3.09271358,3.7159,0
181,CHIFNET_A343,Rhodotorula mucilaginosa,0.00000000,0.4338200,1.4696587,3.06238889,0.0000,0
182,EXF_6243,Rhodotorula mucilaginosa,1.26540541,0.6207992,1.7357490,3.03513330,4.3730,0
183,EXF_7931,Rhodotorula mucilaginosa,1.44674169,0.6304202,1.6950223,3.00042243,4.0354,0
184,EXF_8155,Rhodotorula mucilaginosa,1.50628300,0.7832043,1.8761202,2.96074509,4.3091,0
185,EXF_9595,Rhodotorula mucilaginosa,1.42510732,0.7764195,1.9311731,2.73451236,3.7066,0
186,F6_4S_B_2C,Rhodotorula mucilaginosa,1.57976911,0.7116124,2.0414040,3.08423035,3.7700,0
187,F6_6S_P_1C,Rhodotorula mucilaginosa,1.79174870,0.7984478,2.0537782,3.35066091,4.0127,0
188,F6_8S_B_1B,Rhodotorula mucilaginosa,1.64360557,0.8608629,2.1959551,3.51629217,4.9665,0
189,EXF_5546,Rhodotorula mucilaginosa,1.59675011,0.7478383,0.0000000,3.79549086,4.5708,0
190,TFCN_25-334D-3,Rhodotorula mucilaginosa,1.60794974,0.7404572,2.0541668,3.83328845,4.2736,0
192,DBVPG_3235,Rhodotorula mucilaginosa,0.00000000,0.0000000,0.0000000,3.36134210,4.5381,0
193,DBVPG_3236,Rhodotorula mucilaginosa,0.00000000,0.4764874,1.5951652,3.09924537,4.1128,0
194,EXF_12281,Rhodotorula mucilaginosa,0.00000000,0.0000000,1.6394248,2.66604250,3.6841,0
195,DBVPG_3384,Rhodotorula mucilaginosa,1.16785328,0.0000000,1.3581246,2.31198309,3.4825,2.16283188
198,DBVPG_3983,Rhodotorula mucilaginosa,1.61129387,0.6492385,1.7312564,3.23825408,3.7953,0
201,DBVPG_5235,Rhodotorula mucilaginosa,0.00000000,0.0000000,0.0000000,3.88389505,4.9356,0
202,DBVPG_4379,Rhodotorula mucilaginosa,0.00000000,0.0000000,2.0129204,4.26635642,4.0998,0
203,TFCN_273H-1,Rhodotorula mucilaginosa,1.65413553,0.0000000,2.1913113,2.91009552,4.1251,2.950389881
205,DBVPG_3382,Rhodotorula mucilaginosa,1.29835828,0.5092535,1.6269596,2.57367881,3.3033,2.159061047
206,DBVPG_3237,Rhodotorula mucilaginosa,1.33701310,0.5944491,1.6512046,2.73521899,3.8847,0
207,DBVPG_3446,Rhodotorula mucilaginosa,1.51202472,0.5881407,1.6463878,3.02522466,3.6709,0
208,DBVPG_6803,Rhodotorula mucilaginosa,1.55223302,0.5450041,1.6767853,2.81381078,3.5472,0
209,DBVPG_3856,Rhodotorula mucilaginosa,1.42146539,0.5419656,1.6673732,2.41243694,3.4677,0
210,DBVPG_3857,Rhodotorula mucilaginosa,1.28631034,0.5394649,1.5789278,2.76232181,3.0780,0
214,DBVPG_4376,Rhodotorula mucilaginosa,1.34203941,0.3885655,0.0000000,2.76724793,3.6176,0
216,TFCN_86A-12,Rhodotorula mucilaginosa,0.00000000,0.0000000,0.0000000,3.14888609,3.0165,3.706409399
217,DBVPG_3383,Rhodotorula mucilaginosa,0.00000000,0.0000000,0.0000000,3.05963756,3.6315,2.098015504
218,DBVPG_3238,Rhodotorula mucilaginosa,1.29582292,0.4703647,1.2611988,2.54536318,3.1276,0
219,DBVPG_3538,Rhodotorula mucilaginosa,1.43597727,0.0000000,0.0000000,2.75904470,3.4959,0
220,DBVPG_7019,Rhodotorula mucilaginosa,0.00000000,0.0000000,0.0000000,0.00000000,0.0000,0
221,DBVPG_4466,Rhodotorula mucilaginosa,0.00000000,0.0000000,2.0101883,2.08716047,3.0316,0.6223676471
222,DBVPG_6092,Rhodotorula mucilaginosa,1.31785970,0.0000000,1.4825694,2.91488266,2.4453,0
224,DBVPG_5227,Rhodotorula mucilaginosa,1.38344298,0.5561579,1.6428197,2.61996131,3.2335,0.3949829545
227,EXF_12768,Rhodotorula mucilaginosa,1.61262652,0.3860128,1.7849254,2.93782450,3.8787,1.921700097
228,DBVPG_4962,Rhodotorula mucilaginosa,1.74665643,0.3975789,1.7313524,2.52775902,3.1849,0
230,DBVPG_3239,Rhodotorula mucilaginosa,0.00000000,0.4303911,0.0000000,3.40751592,3.0653,0.646869186
231,DBVPG_3442,Rhodotorula mucilaginosa,1.24756237,0.4423441,1.8286589,2.87760473,3.3157,1.493091912
232,DBVPG_5759,Rhodotorula mucilaginosa,1.33858626,0.5436248,1.5090107,2.55245970,3.3147,0
233,DBVPG_6741,Rhodotorula mucilaginosa,1.50800901,0.5653361,1.5516798,2.47867736,3.1937,0
235,DBVPG_6094,Rhodotorula mucilaginosa,1.47074497,0.0000000,1.8642423,2.97125578,3.8352,0
236,DBVPG_5226,Rhodotorula mucilaginosa,1.10005879,0.0000000,0.0000000,2.36482245,3.4864,0
237,DBVPG_3774,Rhodotorula mucilaginosa,0.00000000,0.0000000,1.4694743,1.76075185,3.0365,0
238,TFCN_25-337M-3,Rhodotorula mucilaginosa,0.00000000,0.0000000,1.2396698,2.62415511,3.4711,0
240,TFCN_98A-5,Rhodotorula mucilaginosa,1.45714466,0.4379767,2.1255115,3.71980345,4.4242,0
243,DBVPG_4963,Rhodotorula mucilaginosa,1.41480856,0.5153774,2.1527482,4.26165872,4.0238,0
245,DBVPG_5758,Rhodotorula mucilaginosa,1.51879891,0.4195933,1.6055692,2.44802754,3.3388,0
246,DBVPG_6093,Rhodotorula mucilaginosa,1.29356893,0.5881973,1.6071403,3.31660227,3.0574,0
247,DBVPG_3984,Rhodotorula mucilaginosa,1.41385806,0.5174208,1.6678257,3.64967274,3.5537,0
248,DBVPG_6649,Rhodotorula mucilaginosa,1.46526915,0.0000000,1.9564884,3.64497191,4.0777,0
249,DBVPG_4408,Rhodotorula mucilaginosa,1.94568057,0.0000000,1.9557929,3.35265923,4.3009,0.4414285714
250,TFCN_25-337Y-1,Rhodotorula mucilaginosa,1.97276156,0.2963502,1.7212549,2.82633445,4.0788,0
251,EXF_13250,Rhodotorula mucilaginosa,1.55240162,0.5623523,1.5958936,2.98270331,3.6597,0.8896104651
254,DBVPG_3381,Rhodotorula mucilaginosa,1.46204398,0.6380513,1.6525337,3.08911878,3.9835,1.377060078
256,EXF_10533,Rhodotorula mucilaginosa,1.50232779,0.6465801,1.7725366,2.67347552,4.1284,0.9811627907
257,DBVPG_6742,Rhodotorula mucilaginosa,1.42965334,0.6192439,1.6981754,2.85105405,3.4254,2.005801841
258,DBVPG_3858,Rhodotorula mucilaginosa,1.33830858,0.6581300,1.5547768,2.41720626,3.2652,0
259,DBVPG_4202,Rhodotorula mucilaginosa,0.92539933,0.4930273,1.2662188,2.35011980,3.0845,0
260,DBVPG_4203,Rhodotorula mucilaginosa,0.00000000,0.5677689,1.4721634,3.20425112,3.8453,0
261,DBVPG_4380,Rhodotorula mucilaginosa,1.50138862,0.6863430,1.5074613,3.05703111,3.4698,1.74977281
262,TFCN_25-395P-1,Rhodotorula mucilaginosa,0.00000000,0.0000000,1.4161638,2.18136672,3.8973,1.665203973
266,DBVPG_3444,Rhodotorula mucilaginosa,1.45505144,0.4235448,1.8358329,3.07491298,3.7757,0
267,DBVPG_3854,Rhodotorula mucilaginosa,1.38866362,0.5630453,1.7967921,3.70545478,4.0315,0
269,DBVPG_3775,Rhodotorula mucilaginosa,1.32097064,0.5364998,1.8065065,2.62612091,4.1860,0
270,DBVPG_4201,Rhodotorula mucilaginosa,1.13429735,0.6885833,1.7565039,3.14811788,3.8047,0
271,DBVPG_5225,Rhodotorula mucilaginosa,1.55991735,0.6641468,1.9747228,3.79256761,4.5532,0
272,DBVPG_4304,Rhodotorula mucilaginosa,1.70878602,0.0000000,2.2476916,3.53415375,4.9556,0
273,DBVPG_4377,Rhodotorula mucilaginosa,1.87271277,0.0000000,0.0000000,2.91926172,4.1080,0
274,TFCN_270H-1,Rhodotorula mucilaginosa,1.78104842,0.4869094,0.0000000,0.00000000,0.0000,0
276,TFCN_98C-8,Rhodotorula mucilaginosa,1.39856695,0.5095431,1.9894890,2.94482652,5.6976,0
278,DBVPG_3445,Rhodotorula mucilaginosa,1.60632827,0.5560681,1.8735946,3.07436174,4.7700,0
279,DBVPG_3855,Rhodotorula mucilaginosa,1.52005631,0.0000000,0.0000000,2.95151281,4.4437,0
281,DBVPG_5757,Rhodotorula mucilaginosa,0.00000000,0.2802873,1.7602858,2.08751063,4.0875,0
282,DBVPG_6091,Rhodotorula mucilaginosa,1.28178059,0.0000000,0.0000000,4.00665791,3.8228,5.236572674
283,DBVPG_5229,Rhodotorula mucilaginosa,0.00000000,0.3928203,1.9416770,3.81301654,4.3668,3.097656492
284,DBVPG_6660,Rhodotorula mucilaginosa,0.00000000,0.4773990,0.0000000,2.35318750,4.8946,5.618841912
285,DBVPG_4378,Rhodotorula mucilaginosa,1.55599662,0.5488165,0.0000000,0.00000000,0.0000,0
286,TFCN_270H-2,Rhodotorula mucilaginosa,2.03533896,0.0000000,0.0000000,2.28522917,3.8123,0
288,TFCN_98D-7,Rhodotorula mucilaginosa,1.25129861,0.0000000,2.0501187,2.68576409,4.7092,5.174303922
