,chr,rs,ps,n_miss,allele1,allele0,af,beta,se,logl_H1,l_remle,l_mle,p_wald,p_lrt,p_score
157542,scaffold_17,"scaffold_17:525364\A,\G",525364,0,G,A,0.037,-0.3932846,0.1047834,-190.234,1e-05,1e-05,0.0002243118,0.0002062396,0.0003248572
157539,scaffold_17,"scaffold_17:525320\C,\T",525320,0,T,C,0.037,-0.3932846,0.1047834,-190.234,1e-05,1e-05,0.0002243118,0.0002062396,0.0003248572
157538,scaffold_17,"scaffold_17:525319\T,\C",525319,0,C,T,0.037,-0.3932846,0.1047834,-190.234,1e-05,1e-05,0.0002243118,0.0002062396,0.0003248572
63451,scaffold_12,"scaffold_12:619647\A,\G",619647,0,G,A,0.128,-0.218471,0.05892686,-190.396,1e-05,1e-05,0.0002660846,0.0002451037,0.0003785845
63321,scaffold_12,"scaffold_12:614707\A,\G",614707,0,G,A,0.115,-0.2277515,0.06190399,-190.4955,1e-05,1e-05,0.0002955405,0.0002725492,0.0004160256
63449,scaffold_12,"scaffold_12:619601\T,\G",619601,0,G,T,0.128,-0.212541,0.05902716,-190.7668,1e-05,1e-05,0.0003936531,0.0003641656,0.0005386484
307921,scaffold_3,"scaffold_3:882432\C,\G",882432,0,G,C,0.069,-0.27346,0.07814403,-191.1097,1e-05,1e-05,0.0005661578,0.0005258229,0.0007486482
307922,scaffold_3,"scaffold_3:882444\A,\C",882444,0,C,A,0.069,-0.27346,0.07814403,-191.1097,1e-05,1e-05,0.0005661578,0.0005258229,0.0007486482
70309,scaffold_13,"scaffold_13:69142\T,\C",69142,0,C,T,0.023,-0.4539784,0.1322692,-191.3324,1e-05,1e-05,0.0007173297,0.0006679384,0.0009286309
282786,scaffold_2,"scaffold_2:1559697\G,\A",1559697,0,A,G,0.023,-0.4539784,0.1322692,-191.3324,1e-05,1e-05,0.0007173297,0.0006679384,0.0009286309
62655,scaffold_12,"scaffold_12:588852\A,\G",588852,0,G,A,0.11,-0.215878,0.06327961,-191.4004,1e-05,1e-05,0.0007711253,0.000718593,0.000991985
245266,scaffold_2,"scaffold_2:72845\G,\C",72845,0,C,G,0.083,-0.2432545,0.07199998,-191.5076,1e-05,1e-05,0.000864431,0.0008065397,0.001101146
63452,scaffold_12,"scaffold_12:619719\G,\A",619719,0,A,G,0.138,-0.1925824,0.05755077,-191.6115,1e-05,1e-05,0.0009657947,0.0009021971,0.001218819
218131,scaffold_1,"scaffold_1:1264109\A,\G",1264109,0,G,A,0.014,-0.6099606,0.1755356,-191.5492,0.03759276,0.03400986,0.0006176038,0.000843536,0.001270322
358780,scaffold_4,"scaffold_4:1390363\T,\C",1390363,0,C,T,0.014,-0.5673276,0.1702129,-191.654,1e-05,1e-05,0.001010621,0.0009445349,0.001270586
182696,scaffold_19,"scaffold_19:204464\G,\A",204464,0,A,G,0.014,-0.5673258,0.1702125,-191.654,1e-05,1e-05,0.001010626,0.0009445399,0.001270592
421815,scaffold_6,"scaffold_6:909464\C,\T",909464,0,T,C,0.014,-0.5673258,0.1702125,-191.654,1e-05,1e-05,0.001010626,0.0009445399,0.001270592
183921,scaffold_19,"scaffold_19:252780\C,\T",252780,0,T,C,0.014,-0.5673258,0.1702125,-191.654,1e-05,1e-05,0.001010626,0.0009445399,0.001270592
423930,scaffold_6,"scaffold_6:994917\C,\T",994917,0,T,C,0.014,-0.5673258,0.1702125,-191.654,1e-05,1e-05,0.001010626,0.0009445399,0.001270592
70310,scaffold_13,"scaffold_13:69150\A,\G",69150,0,G,A,0.014,-0.567325,0.170213,-191.6541,1e-05,1e-05,0.00101068,0.0009445905,0.001270654
303243,scaffold_3,"scaffold_3:709485\C,\T",709485,0,T,C,0.014,-0.5673238,0.1702127,-191.6541,1e-05,1e-05,0.001010683,0.0009445937,0.001270658
300033,scaffold_3,"scaffold_3:594124\T,\A",594124,0,A,T,0.05,-0.3017548,0.09059566,-191.6612,1e-05,1e-05,0.001018453,0.0009519339,0.001279614
63322,scaffold_12,"scaffold_12:614711\A,\G",614711,0,G,A,0.11,-0.2098205,0.06337385,-191.7249,1e-05,1e-05,0.001090084,0.001019635,0.001361983
118729,scaffold_15,"scaffold_15:323932\C,\T",323932,0,T,C,0.05,-0.2986415,0.09064343,-191.7761,1e-05,1e-05,0.001151484,0.001077706,0.001432305
118751,scaffold_15,"scaffold_15:324283\T,\C",324283,0,C,T,0.05,-0.2986415,0.09064343,-191.7761,1e-05,1e-05,0.001151484,0.001077706,0.001432305
119515,scaffold_15,"scaffold_15:352811\C,\T",352811,0,T,C,0.05,-0.2986415,0.09064343,-191.7761,1e-05,1e-05,0.001151484,0.001077706,0.001432305
116067,scaffold_15,"scaffold_15:210742\C,\G",210742,0,G,C,0.05,-0.2986415,0.09064343,-191.7761,1e-05,1e-05,0.001151484,0.001077706,0.001432305
121501,scaffold_15,"scaffold_15:429895\C,\T",429895,0,T,C,0.05,-0.2986415,0.09064343,-191.7761,1e-05,1e-05,0.001151484,0.001077706,0.001432305
63323,scaffold_12,"scaffold_12:614743\T,\C",614743,0,C,T,0.124,-0.1976896,0.06024242,-191.8176,1e-05,1e-05,0.001203702,0.001127117,0.001491918
63137,scaffold_12,"scaffold_12:607402\C,\G",607402,0,G,C,0.128,-0.1934866,0.05932979,-191.8816,1e-05,1e-05,0.001289144,0.001208017,0.00158911
63554,scaffold_12,"scaffold_12:624132\C,\T",624132,0,T,C,0.128,-0.1934756,0.05932997,-191.8822,1e-05,1e-05,0.00128999,0.001208818,0.00159007
246407,scaffold_2,"scaffold_2:118811\G,\A",118811,0,A,G,0.06,-0.2713739,0.0838564,-191.9599,1e-05,1e-05,0.001401894,0.00131486,0.001716749
246350,scaffold_2,"scaffold_2:115620\C,\G",115620,0,G,C,0.023,-0.4279488,0.1326699,-191.9925,1e-05,1e-05,0.001451897,0.001362273,0.001773148
65323,scaffold_12,"scaffold_12:701112\C,\G",701112,0,G,C,0.023,-0.4237796,0.1327323,-192.0943,1e-05,1e-05,0.001619522,0.00152134,0.001961377
476468,scaffold_8,"scaffold_8:447193\G,\A",447193,3,A,G,0.033,-0.3597197,0.1127391,-192.1005,1e-05,1e-05,0.00163032,0.001531593,0.001973461
263839,scaffold_2,"scaffold_2:821219\A,\G",821219,0,G,A,0.073,-0.2431051,0.07619568,-192.1011,1e-05,1e-05,0.001631352,0.001532573,0.001974616
63503,scaffold_12,"scaffold_12:621606\C,\T",621606,0,T,C,0.115,-0.1974834,0.06238347,-192.1774,1e-05,1e-05,0.001770764,0.001665012,0.00213021
63502,scaffold_12,"scaffold_12:621601\C,\A",621601,0,A,C,0.115,-0.1974834,0.06238347,-192.1774,1e-05,1e-05,0.001770764,0.001665012,0.00213021
397409,scaffold_6,"scaffold_6:21675\C,\T",21675,0,T,C,0.041,-0.3149684,0.09993256,-192.2196,1e-05,1e-05,0.001852865,0.00174306,0.002221502
397396,scaffold_6,"scaffold_6:21286\A,\G",21286,0,G,A,0.041,-0.3149684,0.09993256,-192.2196,1e-05,1e-05,0.001852865,0.00174306,0.002221502
397981,scaffold_6,"scaffold_6:47315\C,\T",47315,0,T,C,0.041,-0.3149684,0.09993256,-192.2196,1e-05,1e-05,0.001852865,0.00174306,0.002221502
397948,scaffold_6,"scaffold_6:46034\G,\A",46034,0,A,G,0.041,-0.3149684,0.09993256,-192.2196,1e-05,1e-05,0.001852865,0.00174306,0.002221502
173951,scaffold_18,"scaffold_18:501392\G,\T",501392,0,T,G,0.041,-0.3149684,0.09993256,-192.2196,1e-05,1e-05,0.001852865,0.00174306,0.002221502
398342,scaffold_6,"scaffold_6:59570\T,\C",59570,0,C,T,0.041,-0.3149684,0.09993256,-192.2196,1e-05,1e-05,0.001852865,0.00174306,0.002221502
398148,scaffold_6,"scaffold_6:53220\C,\T",53220,0,T,C,0.041,-0.3149684,0.09993256,-192.2196,1e-05,1e-05,0.001852865,0.00174306,0.002221502
398336,scaffold_6,"scaffold_6:59468\G,\T",59468,0,T,G,0.041,-0.3149684,0.09993256,-192.2196,1e-05,1e-05,0.001852865,0.00174306,0.002221502
398067,scaffold_6,"scaffold_6:50376\C,\T",50376,0,T,C,0.041,-0.3149684,0.09993256,-192.2196,1e-05,1e-05,0.001852865,0.00174306,0.002221502
398071,scaffold_6,"scaffold_6:50428\G,\A",50428,0,A,G,0.041,-0.3149684,0.09993256,-192.2196,1e-05,1e-05,0.001852865,0.00174306,0.002221502
173429,scaffold_18,"scaffold_18:478737\C,\T",478737,0,T,C,0.041,-0.3149684,0.09993256,-192.2196,1e-05,1e-05,0.001852865,0.00174306,0.002221502
397515,scaffold_6,"scaffold_6:25777\G,\A",25777,0,A,G,0.041,-0.3149684,0.09993256,-192.2196,1e-05,1e-05,0.001852865,0.00174306,0.002221502
397492,scaffold_6,"scaffold_6:24712\A,\G",24712,0,G,A,0.041,-0.3149684,0.09993256,-192.2196,1e-05,1e-05,0.001852865,0.00174306,0.002221502
397181,scaffold_6,"scaffold_6:12105\G,\A",12105,0,A,G,0.041,-0.3149684,0.09993256,-192.2196,1e-05,1e-05,0.001852865,0.00174306,0.002221502
397985,scaffold_6,"scaffold_6:47385\C,\T",47385,0,T,C,0.041,-0.3149684,0.09993256,-192.2196,1e-05,1e-05,0.001852865,0.00174306,0.002221502
397437,scaffold_6,"scaffold_6:22596\A,\G",22596,0,G,A,0.041,-0.3149684,0.09993256,-192.2196,1e-05,1e-05,0.001852865,0.00174306,0.002221502
397416,scaffold_6,"scaffold_6:21839\G,\A",21839,0,A,G,0.041,-0.3149684,0.09993256,-192.2196,1e-05,1e-05,0.001852865,0.00174306,0.002221502
398195,scaffold_6,"scaffold_6:54459\G,\A",54459,0,A,G,0.041,-0.3149684,0.09993256,-192.2196,1e-05,1e-05,0.001852865,0.00174306,0.002221502
173830,scaffold_18,"scaffold_18:495474\C,\A",495474,0,A,C,0.041,-0.3149684,0.09993256,-192.2196,1e-05,1e-05,0.001852865,0.00174306,0.002221502
172537,scaffold_18,"scaffold_18:446172\A,\G",446172,0,G,A,0.041,-0.3149684,0.09993256,-192.2196,1e-05,1e-05,0.001852865,0.00174306,0.002221502
118180,scaffold_15,"scaffold_15:305535\A,\T",305535,0,T,A,0.083,-0.2251349,0.07227218,-192.3306,1e-05,1e-05,0.00208824,0.001967012,0.00248198
62929,scaffold_12,"scaffold_12:599646\G,\A",599646,0,A,G,0.165,-0.1664101,0.05357868,-192.3582,1e-05,1e-05,0.002151376,0.002027131,0.002551561
426794,scaffold_6,"scaffold_6:1129617\G,\A",1129617,0,A,G,0.064,-0.2511789,0.08116405,-192.3918,1e-05,1e-05,0.002230617,0.002102611,0.002638731
245940,scaffold_2,"scaffold_2:97211\C,\G",97211,0,G,C,0.083,-0.2236245,0.07229405,-192.3961,1e-05,1e-05,0.002241027,0.002112529,0.00265017
246102,scaffold_2,"scaffold_2:102665\G,\A",102665,0,A,G,0.083,-0.2236245,0.07229405,-192.3961,1e-05,1e-05,0.002241027,0.002112529,0.00265017
246103,scaffold_2,"scaffold_2:102677\C,\G",102677,0,G,C,0.083,-0.2236245,0.07229405,-192.3961,1e-05,1e-05,0.002241027,0.002112529,0.00265017
245798,scaffold_2,"scaffold_2:91510\T,\C",91510,0,C,T,0.083,-0.2236245,0.07229405,-192.3961,1e-05,1e-05,0.002241027,0.002112529,0.00265017
463134,scaffold_7,"scaffold_7:1190967\C,\T",1190967,0,T,C,0.064,-0.2507671,0.08117042,-192.4077,1e-05,1e-05,0.002269186,0.00213936,0.002681097
115930,scaffold_15,"scaffold_15:205171\G,\C",205171,0,C,G,0.083,-0.2231657,0.07230045,-192.4159,1e-05,1e-05,0.002289347,0.002158572,0.002703227
63129,scaffold_12,"scaffold_12:607279\A,\G",607279,0,G,A,0.115,-0.1924227,0.06245667,-192.433,1e-05,1e-05,0.002332051,0.002199273,0.002750068
63283,scaffold_12,"scaffold_12:613485\G,\T",613485,0,T,G,0.115,-0.1924227,0.06245667,-192.433,1e-05,1e-05,0.002332051,0.002199273,0.002750068
63543,scaffold_12,"scaffold_12:623743\G,\A",623743,0,A,G,0.115,-0.1924227,0.06245667,-192.433,1e-05,1e-05,0.002332051,0.002199273,0.002750068
63534,scaffold_12,"scaffold_12:623242\T,\C",623242,0,C,T,0.115,-0.1924227,0.06245667,-192.433,1e-05,1e-05,0.002332051,0.002199273,0.002750068
63517,scaffold_12,"scaffold_12:622505\C,\G",622505,0,G,C,0.115,-0.1924227,0.06245667,-192.433,1e-05,1e-05,0.002332051,0.002199273,0.002750068
63501,scaffold_12,"scaffold_12:621441\C,\T",621441,0,T,C,0.115,-0.1924227,0.06245667,-192.433,1e-05,1e-05,0.002332051,0.002199273,0.002750068
63498,scaffold_12,"scaffold_12:621326\C,\T",621326,0,T,C,0.115,-0.1924227,0.06245667,-192.433,1e-05,1e-05,0.002332051,0.002199273,0.002750068
63275,scaffold_12,"scaffold_12:613287\T,\A",613287,0,A,T,0.115,-0.1924227,0.06245667,-192.433,1e-05,1e-05,0.002332051,0.002199273,0.002750068
63131,scaffold_12,"scaffold_12:607289\T,\C",607289,0,C,T,0.115,-0.1924227,0.06245667,-192.433,1e-05,1e-05,0.002332051,0.002199273,0.002750068
63245,scaffold_12,"scaffold_12:612537\A,\G",612537,0,G,A,0.115,-0.1924227,0.06245667,-192.433,1e-05,1e-05,0.002332051,0.002199273,0.002750068
63056,scaffold_12,"scaffold_12:603926\G,\A",603926,0,A,G,0.115,-0.1924227,0.06245667,-192.433,1e-05,1e-05,0.002332051,0.002199273,0.002750068
63130,scaffold_12,"scaffold_12:607286\C,\T",607286,0,T,C,0.115,-0.1924227,0.06245667,-192.433,1e-05,1e-05,0.002332051,0.002199273,0.002750068
63281,scaffold_12,"scaffold_12:613440\G,\A",613440,0,A,G,0.115,-0.1924227,0.06245667,-192.433,1e-05,1e-05,0.002332051,0.002199273,0.002750068
63469,scaffold_12,"scaffold_12:620540\G,\A",620540,0,A,G,0.115,-0.1924227,0.06245667,-192.433,1e-05,1e-05,0.002332051,0.002199273,0.002750068
245800,scaffold_2,"scaffold_2:91525\G,\A",91525,1,A,G,0.083,-0.2227543,0.07232215,-192.4356,1e-05,1e-05,0.002338594,0.00220551,0.00275724
461899,scaffold_7,"scaffold_7:1140431\C,\T",1140431,0,T,C,0.055,-0.2685869,0.08726092,-192.4417,1e-05,1e-05,0.002354078,0.00222027,0.00277421
150846,scaffold_17,"scaffold_17:246131\G,\C",246131,0,C,G,0.023,-0.4080822,0.1329592,-192.4677,1e-05,1e-05,0.002421087,0.002284157,0.002847579
62657,scaffold_12,"scaffold_12:588951\T,\G",588951,0,G,T,0.133,-0.1794628,0.05861527,-192.49,1e-05,1e-05,0.002480126,0.002340461,0.002912132
480762,scaffold_8,"scaffold_8:619507\G,\T",619507,0,T,G,0.028,-0.4403858,0.1306789,-192.202,0.0808272,0.07535032,0.0008903147,0.001710188,0.003086134
62994,scaffold_12,"scaffold_12:601767\T,\C",601767,0,C,T,0.17,-0.1612946,0.05304248,-192.5515,1e-05,1e-05,0.002650771,0.002503281,0.003098262
62998,scaffold_12,"scaffold_12:601905\C,\G",601905,0,G,C,0.17,-0.1612946,0.05304248,-192.5515,1e-05,1e-05,0.002650771,0.002503281,0.003098262
62995,scaffold_12,"scaffold_12:601791\A,\G",601791,0,G,A,0.17,-0.1612946,0.05304248,-192.5515,1e-05,1e-05,0.002650771,0.002503281,0.003098262
63009,scaffold_12,"scaffold_12:602204\T,\C",602204,0,C,T,0.17,-0.1612946,0.05304248,-192.5515,1e-05,1e-05,0.002650771,0.002503281,0.003098262
119694,scaffold_15,"scaffold_15:358722\G,\A",358722,0,A,G,0.055,-0.2640377,0.08732511,-192.6021,1e-05,1e-05,0.002799951,0.002645711,0.003260464
116320,scaffold_15,"scaffold_15:219601\G,\T",219601,0,T,G,0.055,-0.2640377,0.08732511,-192.6021,1e-05,1e-05,0.002799951,0.002645711,0.003260464
195296,scaffold_1,"scaffold_1:420128\C,\T",420128,0,T,C,0.055,-0.2640377,0.08732511,-192.6021,1e-05,1e-05,0.002799951,0.002645711,0.003260464
300034,scaffold_3,"scaffold_3:594155\A,\G",594155,0,G,A,0.055,-0.2640253,0.08732527,-192.6026,1e-05,1e-05,0.002801267,0.002646968,0.003261893
366294,scaffold_5,"scaffold_5:211762\T,\C",211762,0,C,T,0.142,-0.1713303,0.05703979,-192.6603,1e-05,1e-05,0.002981926,0.002819561,0.003457725
63052,scaffold_12,"scaffold_12:603829\A,\G",603829,0,G,A,0.119,-0.1839564,0.06147647,-192.6934,1e-05,1e-05,0.003090811,0.002923638,0.003575462
63329,scaffold_12,"scaffold_12:615155\C,\T",615155,0,T,C,0.119,-0.1839564,0.06147647,-192.6934,1e-05,1e-05,0.003090811,0.002923638,0.003575462
63357,scaffold_12,"scaffold_12:616075\C,\T",616075,0,T,C,0.119,-0.1839564,0.06147647,-192.6934,1e-05,1e-05,0.003090811,0.002923638,0.003575462
63182,scaffold_12,"scaffold_12:609364\A,\G",609364,0,G,A,0.119,-0.1839564,0.06147647,-192.6934,1e-05,1e-05,0.003090811,0.002923638,0.003575462
63276,scaffold_12,"scaffold_12:613350\A,\G",613350,0,G,A,0.119,-0.1839564,0.06147647,-192.6934,1e-05,1e-05,0.003090811,0.002923638,0.003575462
63127,scaffold_12,"scaffold_12:607168\G,\A",607168,0,A,G,0.119,-0.1839564,0.06147647,-192.6934,1e-05,1e-05,0.003090811,0.002923638,0.003575462
63067,scaffold_12,"scaffold_12:605095\C,\A",605095,0,A,C,0.119,-0.1839564,0.06147647,-192.6934,1e-05,1e-05,0.003090811,0.002923638,0.003575462
63122,scaffold_12,"scaffold_12:607036\C,\T",607036,0,T,C,0.119,-0.1839564,0.06147647,-192.6934,1e-05,1e-05,0.003090811,0.002923638,0.003575462
63390,scaffold_12,"scaffold_12:617287\G,\C",617287,0,C,G,0.119,-0.1839564,0.06147647,-192.6934,1e-05,1e-05,0.003090811,0.002923638,0.003575462
63386,scaffold_12,"scaffold_12:617205\T,\C",617205,0,C,T,0.119,-0.1839564,0.06147647,-192.6934,1e-05,1e-05,0.003090811,0.002923638,0.003575462
63132,scaffold_12,"scaffold_12:607308\C,\T",607308,0,T,C,0.119,-0.1839564,0.06147647,-192.6934,1e-05,1e-05,0.003090811,0.002923638,0.003575462
63133,scaffold_12,"scaffold_12:607315\C,\T",607315,0,T,C,0.119,-0.1839564,0.06147647,-192.6934,1e-05,1e-05,0.003090811,0.002923638,0.003575462
63134,scaffold_12,"scaffold_12:607361\G,\C",607361,0,C,G,0.119,-0.1839564,0.06147647,-192.6934,1e-05,1e-05,0.003090811,0.002923638,0.003575462
63135,scaffold_12,"scaffold_12:607390\G,\A",607390,0,A,G,0.119,-0.1839564,0.06147647,-192.6934,1e-05,1e-05,0.003090811,0.002923638,0.003575462
63369,scaffold_12,"scaffold_12:616739\T,\G",616739,0,G,T,0.119,-0.1839564,0.06147647,-192.6934,1e-05,1e-05,0.003090811,0.002923638,0.003575462
63136,scaffold_12,"scaffold_12:607396\A,\G",607396,0,G,A,0.119,-0.1839564,0.06147647,-192.6934,1e-05,1e-05,0.003090811,0.002923638,0.003575462
63550,scaffold_12,"scaffold_12:623988\C,\T",623988,0,T,C,0.119,-0.1839564,0.06147647,-192.6934,1e-05,1e-05,0.003090811,0.002923638,0.003575462
63408,scaffold_12,"scaffold_12:618017\G,\A",618017,0,A,G,0.119,-0.1839564,0.06147647,-192.6934,1e-05,1e-05,0.003090811,0.002923638,0.003575462
63138,scaffold_12,"scaffold_12:607460\C,\A",607460,0,A,C,0.119,-0.1839564,0.06147647,-192.6934,1e-05,1e-05,0.003090811,0.002923638,0.003575462
63139,scaffold_12,"scaffold_12:607477\G,\A",607477,0,A,G,0.119,-0.1839564,0.06147647,-192.6934,1e-05,1e-05,0.003090811,0.002923638,0.003575462
63358,scaffold_12,"scaffold_12:616094\C,\T",616094,0,T,C,0.119,-0.1839564,0.06147647,-192.6934,1e-05,1e-05,0.003090811,0.002923638,0.003575462
63612,scaffold_12,"scaffold_12:625921\C,\G",625921,0,G,C,0.119,-0.1839564,0.06147647,-192.6934,1e-05,1e-05,0.003090811,0.002923638,0.003575462
63062,scaffold_12,"scaffold_12:604730\C,\T",604730,0,T,C,0.119,-0.1839564,0.06147647,-192.6934,1e-05,1e-05,0.003090811,0.002923638,0.003575462
63364,scaffold_12,"scaffold_12:616598\G,\A",616598,0,A,G,0.119,-0.1839564,0.06147647,-192.6934,1e-05,1e-05,0.003090811,0.002923638,0.003575462
63320,scaffold_12,"scaffold_12:614596\A,\G",614596,0,G,A,0.119,-0.1839564,0.06147647,-192.6934,1e-05,1e-05,0.003090811,0.002923638,0.003575462
245769,scaffold_2,"scaffold_2:90253\G,\T",90253,0,T,G,0.087,-0.2113272,0.07063932,-192.6953,1e-05,1e-05,0.003097316,0.002929856,0.003582489
118544,scaffold_15,"scaffold_15:317532\T,\C",317532,3,C,T,0.056,-0.2612568,0.08740083,-192.7024,1e-05,1e-05,0.003121331,0.002952817,0.003608425
303730,scaffold_3,"scaffold_3:728756\G,\A",728756,0,A,G,0.087,-0.2111175,0.07064223,-192.7043,1e-05,1e-05,0.003127558,0.002958771,0.003615149
195627,scaffold_1,"scaffold_1:433271\G,\C",433271,0,C,G,0.055,-0.2606353,0.08737242,-192.7202,1e-05,1e-05,0.003182075,0.003010901,0.003673985
195628,scaffold_1,"scaffold_1:433406\T,\A",433406,0,A,T,0.055,-0.2606353,0.08737242,-192.7202,1e-05,1e-05,0.003182075,0.003010901,0.003673985
177922,scaffold_19,"scaffold_19:6959\A,\G",6959,0,G,A,0.023,-0.396855,0.133117,-192.7254,1e-05,1e-05,0.003199981,0.003028026,0.003693299
177923,scaffold_19,"scaffold_19:6968\C,\G",6968,0,G,C,0.023,-0.396855,0.133117,-192.7254,1e-05,1e-05,0.003199981,0.003028026,0.003693299
157541,scaffold_17,"scaffold_17:525350\G,\C",525350,0,C,G,0.023,-0.396855,0.133117,-192.7254,1e-05,1e-05,0.003199981,0.003028026,0.003693299
157545,scaffold_17,"scaffold_17:525386\G,\C",525386,0,C,G,0.023,-0.396855,0.133117,-192.7254,1e-05,1e-05,0.003199981,0.003028026,0.003693299
157544,scaffold_17,"scaffold_17:525383\T,\C",525383,0,C,T,0.023,-0.396855,0.133117,-192.7254,1e-05,1e-05,0.003199981,0.003028026,0.003693299
157540,scaffold_17,"scaffold_17:525347\A,\G",525347,0,G,A,0.023,-0.396855,0.133117,-192.7254,1e-05,1e-05,0.003199981,0.003028026,0.003693299
157537,scaffold_17,"scaffold_17:525249\A,\C",525249,0,C,A,0.023,-0.396855,0.133117,-192.7254,1e-05,1e-05,0.003199981,0.003028026,0.003693299
361114,scaffold_5,"scaffold_5:10413\A,\G",10413,0,G,A,0.766,0.1403219,0.04707288,-192.7263,1e-05,1e-05,0.003202985,0.003030899,0.003696539
119404,scaffold_15,"scaffold_15:348657\A,\G",348657,0,G,A,0.055,-0.2602673,0.08737749,-192.7329,1e-05,1e-05,0.003226115,0.003053021,0.003721477
118628,scaffold_15,"scaffold_15:320124\A,\G",320124,0,G,A,0.055,-0.2602673,0.08737749,-192.7329,1e-05,1e-05,0.003226115,0.003053021,0.003721477
116348,scaffold_15,"scaffold_15:220420\G,\A",220420,0,A,G,0.055,-0.2602673,0.08737749,-192.7329,1e-05,1e-05,0.003226115,0.003053021,0.003721477
245744,scaffold_2,"scaffold_2:89781\T,\C",89781,0,C,T,0.064,-0.2419732,0.08129395,-192.739,1e-05,1e-05,0.003247734,0.003073699,0.00374478
246257,scaffold_2,"scaffold_2:110791\A,\G",110791,0,G,A,0.064,-0.2419732,0.08129395,-192.739,1e-05,1e-05,0.003247734,0.003073699,0.00374478
255117,scaffold_2,"scaffold_2:473752\C,\T",473752,0,T,C,0.064,-0.2419732,0.08129395,-192.739,1e-05,1e-05,0.003247734,0.003073699,0.00374478
323916,scaffold_4,"scaffold_4:42380\C,\T",42380,0,T,C,0.064,-0.2419732,0.08129395,-192.739,1e-05,1e-05,0.003247734,0.003073699,0.00374478
246178,scaffold_2,"scaffold_2:107188\G,\A",107188,0,A,G,0.064,-0.2419732,0.08129395,-192.739,1e-05,1e-05,0.003247734,0.003073699,0.00374478
245733,scaffold_2,"scaffold_2:89317\G,\T",89317,0,T,G,0.064,-0.2419732,0.08129395,-192.739,1e-05,1e-05,0.003247734,0.003073699,0.00374478
261131,scaffold_2,"scaffold_2:708574\C,\T",708574,0,T,C,0.064,-0.2419732,0.08129395,-192.739,1e-05,1e-05,0.003247734,0.003073699,0.00374478
245732,scaffold_2,"scaffold_2:89313\C,\T",89313,0,T,C,0.064,-0.2419732,0.08129395,-192.739,1e-05,1e-05,0.003247734,0.003073699,0.00374478
248280,scaffold_2,"scaffold_2:193537\C,\A",193537,0,A,C,0.064,-0.2419732,0.08129395,-192.739,1e-05,1e-05,0.003247734,0.003073699,0.00374478
245731,scaffold_2,"scaffold_2:89303\G,\T",89303,0,T,G,0.064,-0.2419732,0.08129395,-192.739,1e-05,1e-05,0.003247734,0.003073699,0.00374478
247657,scaffold_2,"scaffold_2:165782\T,\C",165782,0,C,T,0.064,-0.2419732,0.08129395,-192.739,1e-05,1e-05,0.003247734,0.003073699,0.00374478
323829,scaffold_4,"scaffold_4:38593\G,\C",38593,0,C,G,0.064,-0.2419732,0.08129395,-192.739,1e-05,1e-05,0.003247734,0.003073699,0.00374478
246009,scaffold_2,"scaffold_2:99481\G,\A",99481,0,A,G,0.064,-0.2419732,0.08129395,-192.739,1e-05,1e-05,0.003247734,0.003073699,0.00374478
246495,scaffold_2,"scaffold_2:125484\C,\T",125484,0,T,C,0.064,-0.2419732,0.08129395,-192.739,1e-05,1e-05,0.003247734,0.003073699,0.00374478
360286,scaffold_4,"scaffold_4:1448549\G,\A",1448549,0,A,G,0.064,-0.2419732,0.08129395,-192.739,1e-05,1e-05,0.003247734,0.003073699,0.00374478
244907,scaffold_2,"scaffold_2:60278\C,\T",60278,0,T,C,0.064,-0.2419732,0.08129395,-192.739,1e-05,1e-05,0.003247734,0.003073699,0.00374478
255098,scaffold_2,"scaffold_2:473246\G,\A",473246,0,A,G,0.064,-0.2419732,0.08129395,-192.739,1e-05,1e-05,0.003247734,0.003073699,0.00374478
248418,scaffold_2,"scaffold_2:200467\A,\G",200467,0,G,A,0.064,-0.2419732,0.08129395,-192.739,1e-05,1e-05,0.003247734,0.003073699,0.00374478
152769,scaffold_17,"scaffold_17:316877\T,\C",316877,0,C,T,0.064,-0.2419732,0.08129395,-192.739,1e-05,1e-05,0.003247734,0.003073699,0.00374478
463193,scaffold_7,"scaffold_7:1192584\G,\A",1192584,0,A,G,0.064,-0.2419732,0.08129395,-192.739,1e-05,1e-05,0.003247734,0.003073699,0.00374478
245784,scaffold_2,"scaffold_2:91191\C,\T",91191,0,T,C,0.064,-0.2419732,0.08129395,-192.739,1e-05,1e-05,0.003247734,0.003073699,0.00374478
255051,scaffold_2,"scaffold_2:471418\G,\A",471418,0,A,G,0.064,-0.2419732,0.08129395,-192.739,1e-05,1e-05,0.003247734,0.003073699,0.00374478
463730,scaffold_7,"scaffold_7:1214606\C,\T",1214606,0,T,C,0.064,-0.2419732,0.08129395,-192.739,1e-05,1e-05,0.003247734,0.003073699,0.00374478
246503,scaffold_2,"scaffold_2:125858\G,\A",125858,0,A,G,0.064,-0.2419732,0.08129395,-192.739,1e-05,1e-05,0.003247734,0.003073699,0.00374478
246515,scaffold_2,"scaffold_2:126260\G,\A",126260,0,A,G,0.064,-0.2419732,0.08129395,-192.739,1e-05,1e-05,0.003247734,0.003073699,0.00374478
245999,scaffold_2,"scaffold_2:99162\C,\T",99162,0,T,C,0.064,-0.2419732,0.08129395,-192.739,1e-05,1e-05,0.003247734,0.003073699,0.00374478
246265,scaffold_2,"scaffold_2:111080\C,\T",111080,0,T,C,0.064,-0.2419732,0.08129395,-192.739,1e-05,1e-05,0.003247734,0.003073699,0.00374478
246340,scaffold_2,"scaffold_2:115207\C,\T",115207,0,T,C,0.064,-0.2419732,0.08129395,-192.739,1e-05,1e-05,0.003247734,0.003073699,0.00374478
246122,scaffold_2,"scaffold_2:103477\T,\A",103477,0,A,T,0.064,-0.2419732,0.08129395,-192.739,1e-05,1e-05,0.003247734,0.003073699,0.00374478
323917,scaffold_4,"scaffold_4:42416\C,\G",42416,0,G,C,0.064,-0.2419732,0.08129395,-192.739,1e-05,1e-05,0.003247734,0.003073699,0.00374478
254895,scaffold_2,"scaffold_2:464649\A,\G",464649,0,G,A,0.064,-0.2419732,0.08129395,-192.739,1e-05,1e-05,0.003247734,0.003073699,0.00374478
244990,scaffold_2,"scaffold_2:64173\A,\C",64173,0,C,A,0.064,-0.2419732,0.08129395,-192.739,1e-05,1e-05,0.003247734,0.003073699,0.00374478
249182,scaffold_2,"scaffold_2:226381\C,\T",226381,0,T,C,0.064,-0.2419732,0.08129395,-192.739,1e-05,1e-05,0.003247734,0.003073699,0.00374478
254969,scaffold_2,"scaffold_2:466920\C,\T",466920,0,T,C,0.064,-0.2419732,0.08129395,-192.739,1e-05,1e-05,0.003247734,0.003073699,0.00374478
245023,scaffold_2,"scaffold_2:65241\G,\A",65241,0,A,G,0.064,-0.2419732,0.08129395,-192.739,1e-05,1e-05,0.003247734,0.003073699,0.00374478
245031,scaffold_2,"scaffold_2:65433\C,\T",65433,0,T,C,0.064,-0.2419732,0.08129395,-192.739,1e-05,1e-05,0.003247734,0.003073699,0.00374478
245035,scaffold_2,"scaffold_2:65461\T,\C",65461,0,C,T,0.064,-0.2419732,0.08129395,-192.739,1e-05,1e-05,0.003247734,0.003073699,0.00374478
511590,scaffold_9,"scaffold_9:601210\A,\G",601210,0,G,A,0.064,-0.2419732,0.08129395,-192.739,1e-05,1e-05,0.003247734,0.003073699,0.00374478
246213,scaffold_2,"scaffold_2:108491\A,\G",108491,0,G,A,0.064,-0.2419732,0.08129395,-192.739,1e-05,1e-05,0.003247734,0.003073699,0.00374478
324048,scaffold_4,"scaffold_4:46803\G,\A",46803,0,A,G,0.064,-0.2419732,0.08129395,-192.739,1e-05,1e-05,0.003247734,0.003073699,0.00374478
324049,scaffold_4,"scaffold_4:46859\C,\T",46859,0,T,C,0.064,-0.2419732,0.08129395,-192.739,1e-05,1e-05,0.003247734,0.003073699,0.00374478
245267,scaffold_2,"scaffold_2:72862\T,\G",72862,0,G,T,0.064,-0.2419732,0.08129395,-192.739,1e-05,1e-05,0.003247734,0.003073699,0.00374478
246255,scaffold_2,"scaffold_2:110511\G,\C",110511,0,C,G,0.064,-0.2419732,0.08129395,-192.739,1e-05,1e-05,0.003247734,0.003073699,0.00374478
245272,scaffold_2,"scaffold_2:73039\A,\T",73039,0,T,A,0.064,-0.2419732,0.08129395,-192.739,1e-05,1e-05,0.003247734,0.003073699,0.00374478
254879,scaffold_2,"scaffold_2:464144\A,\G",464144,0,G,A,0.064,-0.2419732,0.08129395,-192.739,1e-05,1e-05,0.003247734,0.003073699,0.00374478
255311,scaffold_2,"scaffold_2:480797\G,\A",480797,0,A,G,0.064,-0.2419732,0.08129395,-192.739,1e-05,1e-05,0.003247734,0.003073699,0.00374478
255147,scaffold_2,"scaffold_2:474556\G,\A",474556,0,A,G,0.064,-0.2419732,0.08129395,-192.739,1e-05,1e-05,0.003247734,0.003073699,0.00374478
431651,scaffold_7,"scaffold_7:38543\C,\G",38543,0,G,C,0.064,-0.2419732,0.08129395,-192.739,1e-05,1e-05,0.003247734,0.003073699,0.00374478
246234,scaffold_2,"scaffold_2:109186\G,\A",109186,0,A,G,0.064,-0.2419732,0.08129395,-192.739,1e-05,1e-05,0.003247734,0.003073699,0.00374478
246129,scaffold_2,"scaffold_2:103949\C,\G",103949,0,G,C,0.064,-0.2419732,0.08129395,-192.739,1e-05,1e-05,0.003247734,0.003073699,0.00374478
255149,scaffold_2,"scaffold_2:474601\G,\A",474601,0,A,G,0.064,-0.2419732,0.08129395,-192.739,1e-05,1e-05,0.003247734,0.003073699,0.00374478
477570,scaffold_8,"scaffold_8:492028\G,\A",492028,0,A,G,0.064,-0.2419732,0.08129395,-192.739,1e-05,1e-05,0.003247734,0.003073699,0.00374478
246448,scaffold_2,"scaffold_2:122690\C,\T",122690,0,T,C,0.064,-0.2419732,0.08129395,-192.739,1e-05,1e-05,0.003247734,0.003073699,0.00374478
245384,scaffold_2,"scaffold_2:76830\G,\A",76830,0,A,G,0.064,-0.2419732,0.08129395,-192.739,1e-05,1e-05,0.003247734,0.003073699,0.00374478
245329,scaffold_2,"scaffold_2:74985\C,\G",74985,0,G,C,0.064,-0.2419732,0.08129395,-192.739,1e-05,1e-05,0.003247734,0.003073699,0.00374478
246214,scaffold_2,"scaffold_2:108512\T,\C",108512,0,C,T,0.064,-0.2419732,0.08129395,-192.739,1e-05,1e-05,0.003247734,0.003073699,0.00374478
245298,scaffold_2,"scaffold_2:73935\T,\C",73935,0,C,T,0.064,-0.2419732,0.08129395,-192.739,1e-05,1e-05,0.003247734,0.003073699,0.00374478
255152,scaffold_2,"scaffold_2:474726\T,\G",474726,0,G,T,0.064,-0.2419732,0.08129395,-192.739,1e-05,1e-05,0.003247734,0.003073699,0.00374478
255300,scaffold_2,"scaffold_2:480472\A,\G",480472,0,G,A,0.064,-0.2419732,0.08129395,-192.739,1e-05,1e-05,0.003247734,0.003073699,0.00374478
246277,scaffold_2,"scaffold_2:113321\G,\C",113321,0,C,G,0.064,-0.2419732,0.08129395,-192.739,1e-05,1e-05,0.003247734,0.003073699,0.00374478
61245,scaffold_12,"scaffold_12:529135\G,\T",529135,0,T,G,0.083,-0.2152074,0.07241186,-192.7521,1e-05,1e-05,0.003294091,0.003118045,0.00379472
61246,scaffold_12,"scaffold_12:529139\T,\C",529139,0,C,T,0.083,-0.2152074,0.07241186,-192.7521,1e-05,1e-05,0.003294091,0.003118045,0.00379472
398357,scaffold_6,"scaffold_6:60137\A,\G",60137,0,G,A,0.078,-0.2208282,0.07432682,-192.7548,1e-05,1e-05,0.003303871,0.0031274,0.003805251
511700,scaffold_9,"scaffold_9:605170\A,\G",605170,0,G,A,0.106,-0.1927051,0.06487708,-192.7569,1e-05,1e-05,0.003311454,0.003134656,0.003813416
302801,scaffold_3,"scaffold_3:692892\G,\C",692892,0,C,G,0.087,-0.2092345,0.07066818,-192.7843,1e-05,1e-05,0.003411228,0.003230127,0.003920759
303189,scaffold_3,"scaffold_3:706685\C,\T",706685,0,T,C,0.087,-0.2092345,0.07066818,-192.7843,1e-05,1e-05,0.003411228,0.003230127,0.003920759
515348,scaffold_9,"scaffold_9:755783\C,\T",755783,0,T,C,0.073,-0.2261446,0.07643711,-192.7907,1e-05,1e-05,0.003435038,0.003252914,0.003946352
393342,scaffold_5,"scaffold_5:1254949\T,\A",1254949,0,A,T,0.05,-0.269127,0.0910696,-192.8004,1e-05,1e-05,0.003471521,0.003287833,0.003985551
306575,scaffold_3,"scaffold_3:833845\G,\C",833845,0,C,G,0.087,-0.2086524,0.07067613,-192.8089,1e-05,1e-05,0.003503512,0.003318456,0.004019907
304377,scaffold_3,"scaffold_3:752371\G,\C",752371,0,C,G,0.087,-0.2086524,0.07067613,-192.8089,1e-05,1e-05,0.003503512,0.003318456,0.004019907
118717,scaffold_15,"scaffold_15:323361\T,\C",323361,2,C,T,0.097,-0.199509,0.06760167,-192.8117,1e-05,1e-05,0.003514314,0.003328798,0.004031505
117726,scaffold_15,"scaffold_15:288194\G,\T",288194,0,T,G,0.055,-0.2577551,0.08741196,-192.8189,1e-05,1e-05,0.003541777,0.00335509,0.004060982
118659,scaffold_15,"scaffold_15:321174\T,\G",321174,0,G,T,0.055,-0.2577551,0.08741196,-192.8189,1e-05,1e-05,0.003541777,0.00335509,0.004060982
119467,scaffold_15,"scaffold_15:351055\G,\A",351055,0,A,G,0.055,-0.2577551,0.08741196,-192.8189,1e-05,1e-05,0.003541777,0.00335509,0.004060982
116769,scaffold_15,"scaffold_15:234726\T,\C",234726,0,C,T,0.055,-0.2577551,0.08741196,-192.8189,1e-05,1e-05,0.003541777,0.00335509,0.004060982
144596,scaffold_17,"scaffold_17:6460\A,\C",6460,0,C,A,0.023,-0.392646,0.1331748,-192.82,1e-05,1e-05,0.003546059,0.003359189,0.004065577
418062,scaffold_6,"scaffold_6:765662\A,\G",765662,0,G,A,0.183,-0.1517213,0.05150804,-192.8279,1e-05,1e-05,0.003576662,0.00338849,0.00409841
417735,scaffold_6,"scaffold_6:753294\G,\T",753294,0,T,G,0.193,-0.1485967,0.05055608,-192.846,1e-05,1e-05,0.003647732,0.003456547,0.004174606
397267,scaffold_6,"scaffold_6:14945\G,\A",14945,0,A,G,0.046,-0.2799645,0.0953076,-192.851,1e-05,1e-05,0.003667713,0.003475682,0.004196014
300209,scaffold_3,"scaffold_3:599689\A,\G",599689,0,G,A,0.055,-0.2564645,0.08742952,-192.8627,1e-05,1e-05,0.003714561,0.003520554,0.00424619
305840,scaffold_3,"scaffold_3:808831\G,\A",808831,0,A,G,0.087,-0.2070099,0.07069849,-192.8778,1e-05,1e-05,0.003776191,0.003579594,0.004312152
248809,scaffold_2,"scaffold_2:214775\G,\C",214775,0,C,G,0.119,-0.1797464,0.06153407,-192.8976,1e-05,1e-05,0.003858486,0.003658445,0.004400152
62652,scaffold_12,"scaffold_12:588774\A,\C",588774,0,C,A,0.151,-0.1638645,0.05594498,-192.8991,0.00245809,1e-05,0.003764978,0.003664443,0.004406841
515739,scaffold_9,"scaffold_9:773013\G,\A",773013,0,A,G,0.037,-0.3093264,0.106078,-192.912,1e-05,1e-05,0.003919162,0.003716594,0.004464978
511618,scaffold_9,"scaffold_9:602572\T,\C",602572,0,C,T,0.096,-0.1968735,0.06760212,-192.9227,1e-05,1e-05,0.003965182,0.003760703,0.004514114
339199,scaffold_4,"scaffold_4:621899\G,\A",621899,0,A,G,0.096,-0.1968735,0.06760212,-192.9227,1e-05,1e-05,0.003965182,0.003760703,0.004514114
417643,scaffold_6,"scaffold_6:748528\G,\A",748528,0,A,G,0.156,-0.1599356,0.05497579,-192.9313,1e-05,1e-05,0.004002436,0.003796414,0.004553872
63553,scaffold_12,"scaffold_12:624083\G,\T",624083,0,T,G,0.138,-0.1684176,0.05790059,-192.9326,1e-05,1e-05,0.004008145,0.003801887,0.004559963
63140,scaffold_12,"scaffold_12:607531\C,\T",607531,0,T,C,0.124,-0.1759493,0.06055375,-192.9412,1e-05,1e-05,0.004046096,0.00383827,0.004600444
118186,scaffold_15,"scaffold_15:305630\A,\C",305630,0,C,A,0.087,-0.2052527,0.07072204,-192.9509,1e-05,1e-05,0.004088911,0.003879321,0.004646092
115580,scaffold_15,"scaffold_15:194240\C,\T",194240,0,T,C,0.055,-0.2535968,0.08746825,-192.9592,1e-05,1e-05,0.004126029,0.003914913,0.004685649
112658,scaffold_15,"scaffold_15:70669\A,\G",70669,0,G,A,0.023,-0.3861157,0.1332629,-192.9646,1e-05,1e-05,0.004150182,0.003938075,0.00471138
112657,scaffold_15,"scaffold_15:70653\T,\C",70653,0,C,T,0.023,-0.3861157,0.1332629,-192.9646,1e-05,1e-05,0.004150182,0.003938075,0.00471138
173363,scaffold_18,"scaffold_18:475988\C,\T",475988,0,T,C,0.073,-0.2214867,0.07650005,-192.9706,1e-05,1e-05,0.004177632,0.003964401,0.004740615
195482,scaffold_1,"scaffold_1:427467\C,\G",427467,0,G,C,0.055,-0.2527066,0.08748019,-192.9889,1e-05,1e-05,0.004261871,0.004045201,0.004830278
306635,scaffold_3,"scaffold_3:835768\C,\T",835768,0,T,C,0.087,-0.2042912,0.07073509,-192.9907,1e-05,1e-05,0.004269863,0.004052867,0.004838781
307990,scaffold_3,"scaffold_3:885528\C,\T",885528,0,T,C,0.087,-0.2042443,0.07073573,-192.9926,1e-05,1e-05,0.004278871,0.004061508,0.004848363
307992,scaffold_3,"scaffold_3:885572\A,\G",885572,0,G,A,0.087,-0.2042443,0.07073573,-192.9926,1e-05,1e-05,0.004278871,0.004061508,0.004848363
308007,scaffold_3,"scaffold_3:886081\A,\C",886081,0,C,A,0.087,-0.2042443,0.07073573,-192.9926,1e-05,1e-05,0.004278871,0.004061508,0.004848363
308008,scaffold_3,"scaffold_3:886094\G,\C",886094,0,C,G,0.087,-0.2042443,0.07073573,-192.9926,1e-05,1e-05,0.004278871,0.004061508,0.004848363
505699,scaffold_9,"scaffold_9:390989\G,\A",390989,0,A,G,0.638,0.1257698,0.04299962,-192.9961,0.0111019,0.002707865,0.003813281,0.00407715,0.004873417
505698,scaffold_9,"scaffold_9:390973\T,\C",390973,0,C,T,0.638,0.1257698,0.04299962,-192.9961,0.0111019,0.002707865,0.003813281,0.00407715,0.004873417
338898,scaffold_4,"scaffold_4:610873\T,\C",610873,0,C,T,0.812,0.1472924,0.05106022,-193.0003,1e-05,1e-05,0.004314986,0.004096155,0.004886772
449759,scaffold_7,"scaffold_7:691223\G,\A",691223,0,A,G,0.147,-0.1621474,0.05638668,-193.0256,1e-05,1e-05,0.004435819,0.004212098,0.005015174
367595,scaffold_5,"scaffold_5:259866\C,\T",259866,0,T,C,0.064,-0.233909,0.0814031,-193.0317,1e-05,1e-05,0.00446522,0.004240314,0.005046393
62356,scaffold_12,"scaffold_12:579217\A,\T",579217,0,T,A,0.119,-0.1767982,0.06157345,-193.0376,1e-05,1e-05,0.004494246,0.004268173,0.005077205
302367,scaffold_3,"scaffold_3:676030\G,\T",676030,0,T,G,0.092,-0.1982565,0.0691361,-193.048,1e-05,1e-05,0.004545321,0.004317197,0.005131401
114930,scaffold_15,"scaffold_15:173911\T,\A",173911,0,A,T,0.087,-0.2027957,0.07075485,-193.052,1e-05,1e-05,0.004565444,0.004336514,0.005152746
515427,scaffold_9,"scaffold_9:758106\C,\T",758106,0,T,C,0.096,-0.1938716,0.06764223,-193.0521,1e-05,1e-05,0.004566016,0.004337063,0.005153353
515426,scaffold_9,"scaffold_9:758104\G,\T",758104,0,T,G,0.096,-0.1938716,0.06764223,-193.0521,1e-05,1e-05,0.004566016,0.004337063,0.005153353
515425,scaffold_9,"scaffold_9:758095\G,\T",758095,0,T,G,0.096,-0.1938716,0.06764223,-193.0521,1e-05,1e-05,0.004566016,0.004337063,0.005153353
515428,scaffold_9,"scaffold_9:758115\T,\C",758115,0,C,T,0.096,-0.1938716,0.06764223,-193.0521,1e-05,1e-05,0.004566016,0.004337063,0.005153353
515429,scaffold_9,"scaffold_9:758118\G,\C",758118,0,C,G,0.096,-0.1938716,0.06764223,-193.0521,1e-05,1e-05,0.004566016,0.004337063,0.005153353
398705,scaffold_6,"scaffold_6:71953\C,\G",71953,0,G,C,0.839,0.1556118,0.05436591,-193.0628,1e-05,1e-05,0.004619469,0.004388379,0.005210032
398654,scaffold_6,"scaffold_6:69992\T,\C",69992,0,C,T,0.839,0.1556118,0.05436591,-193.0628,1e-05,1e-05,0.004619469,0.004388379,0.005210032
374598,scaffold_5,"scaffold_5:524823\T,\C",524823,0,C,T,0.739,0.1299827,0.04541898,-193.064,1e-05,1e-05,0.004625732,0.004394392,0.005216671
301433,scaffold_3,"scaffold_3:643125\T,\C",643125,0,C,T,0.092,-0.1977007,0.06914345,-193.0712,1e-05,1e-05,0.004662058,0.00442927,0.005255171
254993,scaffold_2,"scaffold_2:467902\G,\A",467902,0,A,G,0.069,-0.2249771,0.07885699,-193.0887,1e-05,1e-05,0.004752103,0.004515737,0.005350547
323931,scaffold_4,"scaffold_4:43002\C,\G",43002,0,G,C,0.069,-0.2249771,0.07885699,-193.0887,1e-05,1e-05,0.004752103,0.004515737,0.005350547
254940,scaffold_2,"scaffold_2:465836\C,\T",465836,0,T,C,0.069,-0.2249771,0.07885699,-193.0887,1e-05,1e-05,0.004752103,0.004515737,0.005350547
254988,scaffold_2,"scaffold_2:467718\C,\T",467718,0,T,C,0.069,-0.2249771,0.07885699,-193.0887,1e-05,1e-05,0.004752103,0.004515737,0.005350547
477620,scaffold_8,"scaffold_8:493745\C,\T",493745,0,T,C,0.069,-0.2249771,0.07885699,-193.0887,1e-05,1e-05,0.004752103,0.004515737,0.005350547
254989,scaffold_2,"scaffold_2:467724\C,\T",467724,0,T,C,0.069,-0.2249771,0.07885699,-193.0887,1e-05,1e-05,0.004752103,0.004515737,0.005350547
477618,scaffold_8,"scaffold_8:493710\G,\A",493710,0,A,G,0.069,-0.2249771,0.07885699,-193.0887,1e-05,1e-05,0.004752103,0.004515737,0.005350547
324030,scaffold_4,"scaffold_4:46270\A,\G",46270,0,G,A,0.069,-0.2249771,0.07885699,-193.0887,1e-05,1e-05,0.004752103,0.004515737,0.005350547
254992,scaffold_2,"scaffold_2:467852\A,\G",467852,0,G,A,0.069,-0.2249771,0.07885699,-193.0887,1e-05,1e-05,0.004752103,0.004515737,0.005350547
254995,scaffold_2,"scaffold_2:467981\C,\T",467981,0,T,C,0.069,-0.2249771,0.07885699,-193.0887,1e-05,1e-05,0.004752103,0.004515737,0.005350547
254994,scaffold_2,"scaffold_2:467920\G,\T",467920,0,T,G,0.069,-0.2249771,0.07885699,-193.0887,1e-05,1e-05,0.004752103,0.004515737,0.005350547
255003,scaffold_2,"scaffold_2:468248\C,\T",468248,0,T,C,0.069,-0.2249771,0.07885699,-193.0887,1e-05,1e-05,0.004752103,0.004515737,0.005350547
255004,scaffold_2,"scaffold_2:468260\C,\G",468260,0,G,C,0.069,-0.2249771,0.07885699,-193.0887,1e-05,1e-05,0.004752103,0.004515737,0.005350547
255005,scaffold_2,"scaffold_2:468272\T,\A",468272,0,A,T,0.069,-0.2249771,0.07885699,-193.0887,1e-05,1e-05,0.004752103,0.004515737,0.005350547
255001,scaffold_2,"scaffold_2:468123\C,\T",468123,0,T,C,0.069,-0.2249771,0.07885699,-193.0887,1e-05,1e-05,0.004752103,0.004515737,0.005350547
255007,scaffold_2,"scaffold_2:468327\G,\C",468327,0,C,G,0.069,-0.2249771,0.07885699,-193.0887,1e-05,1e-05,0.004752103,0.004515737,0.005350547
255009,scaffold_2,"scaffold_2:468393\A,\C",468393,0,C,A,0.069,-0.2249771,0.07885699,-193.0887,1e-05,1e-05,0.004752103,0.004515737,0.005350547
255000,scaffold_2,"scaffold_2:468120\G,\A",468120,0,A,G,0.069,-0.2249771,0.07885699,-193.0887,1e-05,1e-05,0.004752103,0.004515737,0.005350547
255010,scaffold_2,"scaffold_2:468410\A,\C",468410,0,C,A,0.069,-0.2249771,0.07885699,-193.0887,1e-05,1e-05,0.004752103,0.004515737,0.005350547
255011,scaffold_2,"scaffold_2:468416\G,\A",468416,0,A,G,0.069,-0.2249771,0.07885699,-193.0887,1e-05,1e-05,0.004752103,0.004515737,0.005350547
255012,scaffold_2,"scaffold_2:468432\G,\A",468432,0,A,G,0.069,-0.2249771,0.07885699,-193.0887,1e-05,1e-05,0.004752103,0.004515737,0.005350547
255013,scaffold_2,"scaffold_2:468443\T,\G",468443,0,G,T,0.069,-0.2249771,0.07885699,-193.0887,1e-05,1e-05,0.004752103,0.004515737,0.005350547
323951,scaffold_4,"scaffold_4:43408\T,\A",43408,0,A,T,0.069,-0.2249771,0.07885699,-193.0887,1e-05,1e-05,0.004752103,0.004515737,0.005350547
255015,scaffold_2,"scaffold_2:468473\T,\C",468473,0,C,T,0.069,-0.2249771,0.07885699,-193.0887,1e-05,1e-05,0.004752103,0.004515737,0.005350547
255016,scaffold_2,"scaffold_2:468550\G,\T",468550,0,T,G,0.069,-0.2249771,0.07885699,-193.0887,1e-05,1e-05,0.004752103,0.004515737,0.005350547
255017,scaffold_2,"scaffold_2:468581\C,\T",468581,0,T,C,0.069,-0.2249771,0.07885699,-193.0887,1e-05,1e-05,0.004752103,0.004515737,0.005350547
254999,scaffold_2,"scaffold_2:468102\A,\G",468102,0,G,A,0.069,-0.2249771,0.07885699,-193.0887,1e-05,1e-05,0.004752103,0.004515737,0.005350547
255018,scaffold_2,"scaffold_2:468604\C,\A",468604,0,A,C,0.069,-0.2249771,0.07885699,-193.0887,1e-05,1e-05,0.004752103,0.004515737,0.005350547
254998,scaffold_2,"scaffold_2:468100\C,\G",468100,0,G,C,0.069,-0.2249771,0.07885699,-193.0887,1e-05,1e-05,0.004752103,0.004515737,0.005350547
255096,scaffold_2,"scaffold_2:473102\C,\T",473102,0,T,C,0.069,-0.2249771,0.07885699,-193.0887,1e-05,1e-05,0.004752103,0.004515737,0.005350547
323832,scaffold_4,"scaffold_4:38805\C,\T",38805,0,T,C,0.069,-0.2249771,0.07885699,-193.0887,1e-05,1e-05,0.004752103,0.004515737,0.005350547
254997,scaffold_2,"scaffold_2:468091\G,\A",468091,0,A,G,0.069,-0.2249771,0.07885699,-193.0887,1e-05,1e-05,0.004752103,0.004515737,0.005350547
254996,scaffold_2,"scaffold_2:468090\T,\C",468090,0,C,T,0.069,-0.2249771,0.07885699,-193.0887,1e-05,1e-05,0.004752103,0.004515737,0.005350547
255002,scaffold_2,"scaffold_2:468133\G,\A",468133,0,A,G,0.069,-0.2249771,0.07885699,-193.0887,1e-05,1e-05,0.004752103,0.004515737,0.005350547
323881,scaffold_4,"scaffold_4:40484\G,\A",40484,0,A,G,0.069,-0.2249771,0.07885699,-193.0887,1e-05,1e-05,0.004752103,0.004515737,0.005350547
255014,scaffold_2,"scaffold_2:468456\C,\T",468456,0,T,C,0.069,-0.2249771,0.07885699,-193.0887,1e-05,1e-05,0.004752103,0.004515737,0.005350547
254939,scaffold_2,"scaffold_2:465716\C,\G",465716,0,G,C,0.069,-0.2249771,0.07885699,-193.0887,1e-05,1e-05,0.004752103,0.004515737,0.005350547
249283,scaffold_2,"scaffold_2:230028\A,\G",230028,0,G,A,0.069,-0.2249771,0.07885699,-193.0887,1e-05,1e-05,0.004752103,0.004515737,0.005350547
249212,scaffold_2,"scaffold_2:227608\G,\C",227608,0,C,G,0.069,-0.2249771,0.07885699,-193.0887,1e-05,1e-05,0.004752103,0.004515737,0.005350547
249156,scaffold_2,"scaffold_2:225507\G,\A",225507,0,A,G,0.069,-0.2249771,0.07885699,-193.0887,1e-05,1e-05,0.004752103,0.004515737,0.005350547
368059,scaffold_5,"scaffold_5:278395\A,\C",278395,0,C,A,0.046,-0.2719761,0.09541455,-193.0957,1e-05,1e-05,0.004788354,0.004550552,0.005388921
398668,scaffold_6,"scaffold_6:70488\T,\C",70488,0,C,T,0.835,0.153136,0.05376203,-193.1014,1e-05,1e-05,0.004818372,0.004579384,0.005420688
172559,scaffold_18,"scaffold_18:446618\C,\T",446618,0,T,C,0.046,-0.2717066,0.09541818,-193.1038,1e-05,1e-05,0.004831051,0.004591563,0.005434104
174380,scaffold_18,"scaffold_18:518753\G,\A",518753,0,A,G,0.046,-0.2717066,0.09541818,-193.1038,1e-05,1e-05,0.004831051,0.004591563,0.005434104
398134,scaffold_6,"scaffold_6:52604\C,\G",52604,0,G,C,0.046,-0.2716919,0.09541837,-193.1042,1e-05,1e-05,0.004833396,0.004593815,0.005436585
398135,scaffold_6,"scaffold_6:52605\G,\C",52605,0,C,G,0.046,-0.2716919,0.09541837,-193.1042,1e-05,1e-05,0.004833396,0.004593815,0.005436585
296983,scaffold_3,"scaffold_3:486047\A,\G",486047,0,G,A,0.046,-0.2716919,0.09541841,-193.1043,1e-05,1e-05,0.004833415,0.004593833,0.005436605
296196,scaffold_3,"scaffold_3:458888\C,\G",458888,0,G,C,0.046,-0.2716919,0.09541841,-193.1043,1e-05,1e-05,0.004833415,0.004593833,0.005436605
375683,scaffold_5,"scaffold_5:567704\C,\G",567704,0,G,C,0.706,0.1245635,0.04383796,-193.1206,1e-05,1e-05,0.004920739,0.004677719,0.005528956
199414,scaffold_1,"scaffold_1:579742\A,\G",579742,0,G,A,0.018,-0.4223249,0.1487549,-193.1272,1e-05,1e-05,0.004956343,0.004711925,0.00556659
389460,scaffold_5,"scaffold_5:1099739\C,\T",1099739,0,T,C,0.018,-0.4223249,0.1487549,-193.1272,1e-05,1e-05,0.004956343,0.004711926,0.00556659
425273,scaffold_6,"scaffold_6:1058697\G,\A",1058697,0,A,G,0.018,-0.4223249,0.1487549,-193.1272,1e-05,1e-05,0.004956343,0.004711925,0.00556659
257129,scaffold_2,"scaffold_2:549496\T,\C",549496,0,C,T,0.018,-0.4223249,0.1487549,-193.1272,1e-05,1e-05,0.004956343,0.004711925,0.00556659
282755,scaffold_2,"scaffold_2:1558290\G,\A",1558290,0,A,G,0.018,-0.4223249,0.1487549,-193.1272,1e-05,1e-05,0.004956343,0.004711926,0.00556659
282841,scaffold_2,"scaffold_2:1562146\C,\A",1562146,0,A,C,0.018,-0.4223249,0.1487549,-193.1272,1e-05,1e-05,0.004956343,0.004711926,0.00556659
417733,scaffold_6,"scaffold_6:753265\G,\A",753265,0,A,G,0.151,-0.1580947,0.05570216,-193.1296,1e-05,1e-05,0.004969081,0.004724164,0.005580051
463663,scaffold_7,"scaffold_7:1211851\G,\A",1211851,0,A,G,0.069,-0.2236276,0.07887476,-193.1378,1e-05,1e-05,0.005014138,0.004767458,0.005627654
366759,scaffold_5,"scaffold_5:229555\G,\A",229555,0,A,G,0.739,0.1287119,0.04543572,-193.1444,1e-05,1e-05,0.005050382,0.004802286,0.005665933
485966,scaffold_8,"scaffold_8:821104\G,\T",821104,0,T,G,0.018,-0.4442196,0.1521311,-193.1384,0.0234834,0.01805287,0.003871717,0.004770438,0.005775656
118998,scaffold_15,"scaffold_15:332258\G,\A",332258,0,A,G,0.069,-0.2228995,0.07888412,-193.1642,1e-05,1e-05,0.005160739,0.004908348,0.005782413
505618,scaffold_9,"scaffold_9:387798\C,\A",387798,0,A,C,0.638,0.1224261,0.04283442,-193.1658,0.0094143,0.0009833556,0.004678491,0.004916893,0.005793006
470192,scaffold_8,"scaffold_8:194718\C,\T",194718,0,T,C,0.037,-0.2997575,0.1062052,-193.173,1e-05,1e-05,0.005210958,0.004956621,0.005835384
371859,scaffold_5,"scaffold_5:413050\A,\G",413050,0,G,A,0.817,0.14552,0.05159133,-193.178,1e-05,1e-05,0.005239322,0.004983888,0.005865293
460696,scaffold_7,"scaffold_7:1094348\T,\C",1094348,0,C,T,0.835,0.1515188,0.05378326,-193.1874,1e-05,1e-05,0.005293386,0.005035865,0.005922281
417739,scaffold_6,"scaffold_6:753380\G,\A",753380,0,A,G,0.179,-0.1466789,0.05210599,-193.1934,1e-05,1e-05,0.005328448,0.005069577,0.005959227
122030,scaffold_15,"scaffold_15:447295\C,\A",447295,0,A,C,0.046,-0.2682844,0.0954631,-193.2062,1e-05,1e-05,0.005403486,0.005141732,0.006038262
173443,scaffold_18,"scaffold_18:479471\G,\C",479471,0,C,G,0.046,-0.2682837,0.09546302,-193.2062,1e-05,1e-05,0.005403558,0.005141801,0.006038338
515647,scaffold_9,"scaffold_9:766727\G,\C",766727,0,C,G,0.05,-0.2560545,0.09124468,-193.2174,1e-05,1e-05,0.005470339,0.005206026,0.006108638
398389,scaffold_6,"scaffold_6:61423\T,\C",61423,0,C,T,0.078,-0.208825,0.07448729,-193.2249,1e-05,1e-05,0.005515393,0.005249359,0.006156046
63038,scaffold_12,"scaffold_12:603278\T,\C",603278,0,C,T,0.124,-0.169969,0.06063284,-193.2256,1e-05,1e-05,0.005519484,0.005253295,0.00616035
375728,scaffold_5,"scaffold_5:568801\A,\G",568801,0,G,A,0.716,0.1240701,0.04427485,-193.2283,1e-05,1e-05,0.005535692,0.005268884,0.0061774
173089,scaffold_18,"scaffold_18:466745\T,\C",466745,0,C,T,0.046,-0.2672256,0.09547675,-193.2376,1e-05,1e-05,0.005592448,0.005323481,0.006237089
172496,scaffold_18,"scaffold_18:444641\A,\C",444641,0,C,A,0.046,-0.2672256,0.09547675,-193.2376,1e-05,1e-05,0.005592448,0.005323481,0.006237089
172660,scaffold_18,"scaffold_18:450614\G,\A",450614,0,A,G,0.046,-0.2672256,0.09547675,-193.2376,1e-05,1e-05,0.005592448,0.005323481,0.006237089
300790,scaffold_3,"scaffold_3:620879\A,\C",620879,0,C,A,0.092,-0.1935367,0.06919797,-193.243,1e-05,1e-05,0.005625955,0.005355716,0.006272316
221698,scaffold_1,"scaffold_1:1390097\T,\C",1390097,0,C,T,0.849,0.15584,0.05573212,-193.2447,1e-05,1e-05,0.005636406,0.005365771,0.006283302
307956,scaffold_3,"scaffold_3:883745\G,\C",883745,0,C,G,0.092,-0.1934919,0.06919856,-193.2449,1e-05,1e-05,0.005637234,0.005366567,0.006284172
245296,scaffold_2,"scaffold_2:73921\T,\A",73921,0,A,T,0.069,-0.2205659,0.07891462,-193.2481,1e-05,1e-05,0.005657282,0.005385856,0.006305244
365438,scaffold_5,"scaffold_5:177664\C,\T",177664,0,T,C,0.743,0.1277621,0.04571999,-193.2496,1e-05,1e-05,0.005666535,0.005394758,0.006314967
416645,scaffold_6,"scaffold_6:712542\T,\C",712542,0,C,T,0.037,-0.2967332,0.1062442,-193.2537,1e-05,1e-05,0.005692109,0.005419364,0.006341841
63119,scaffold_12,"scaffold_12:606778\C,\G",606778,1,G,C,0.129,-0.1667446,0.05972549,-193.2566,1e-05,1e-05,0.005710572,0.00543713,0.006361239
157389,scaffold_17,"scaffold_17:518259\C,\T",518259,0,T,C,0.087,-0.1974262,0.07082528,-193.2684,1e-05,1e-05,0.005784893,0.005508646,0.006439296
305770,scaffold_3,"scaffold_3:806169\G,\A",806169,0,A,G,0.092,-0.1928814,0.06920646,-193.2697,1e-05,1e-05,0.005792941,0.005516391,0.006447746
80998,scaffold_13,"scaffold_13:445344\G,\C",445344,0,C,G,0.018,-0.4775939,0.157591,-193.1003,0.05909359,0.05316473,0.002738694,0.004574022,0.006474099
375364,scaffold_5,"scaffold_5:556980\A,\G",556980,0,G,A,0.729,0.1252461,0.04496576,-193.2743,1e-05,1e-05,0.005821918,0.005544279,0.006478167
63128,scaffold_12,"scaffold_12:607175\G,\A",607175,0,A,G,0.124,-0.1689141,0.06064644,-193.2746,1e-05,1e-05,0.005824323,0.005546594,0.006480692
315813,scaffold_3,"scaffold_3:1185074\A,\T",1185074,0,T,A,0.069,-0.2195537,0.0789274,-193.2842,1e-05,1e-05,0.005885456,0.005605432,0.006544851
300048,scaffold_3,"scaffold_3:594500\G,\C",594500,0,C,G,0.06,-0.2346586,0.08436749,-193.2851,1e-05,1e-05,0.005891237,0.005610996,0.006550916
302529,scaffold_3,"scaffold_3:683159\G,\A",683159,0,A,G,0.092,-0.1924624,0.06921182,-193.2867,1e-05,1e-05,0.005901965,0.005621322,0.006562172
302406,scaffold_3,"scaffold_3:677821\G,\T",677821,0,T,G,0.092,-0.1923256,0.06921361,-193.2923,1e-05,1e-05,0.005938008,0.005656016,0.006599982
305870,scaffold_3,"scaffold_3:810101\G,\A",810101,0,A,G,0.092,-0.1923256,0.06921361,-193.2923,1e-05,1e-05,0.005938008,0.005656016,0.006599982
281063,scaffold_2,"scaffold_2:1478511\T,\C",1478511,0,C,T,0.853,0.1568343,0.0564569,-193.2944,1e-05,1e-05,0.005951743,0.005669237,0.006614387
281062,scaffold_2,"scaffold_2:1478503\A,\C",1478503,0,C,A,0.853,0.1568343,0.0564569,-193.2944,1e-05,1e-05,0.005951743,0.005669237,0.006614387
278804,scaffold_2,"scaffold_2:1382009\A,\G",1382009,0,G,A,0.858,0.1588556,0.05720732,-193.2974,1e-05,1e-05,0.005971326,0.005688089,0.006634924
486963,scaffold_8,"scaffold_8:861588\C,\T",861588,0,T,C,0.128,-0.165801,0.05971668,-193.2984,1e-05,1e-05,0.005978065,0.005694576,0.006641991
460251,scaffold_7,"scaffold_7:1078273\C,\T",1078273,0,T,C,0.789,0.1358551,0.04896981,-193.3043,1e-05,1e-05,0.006017168,0.005732221,0.00668299
505970,scaffold_9,"scaffold_9:400403\G,\C",400403,0,C,G,0.835,0.1491516,0.0538139,-193.3115,1e-05,1e-05,0.006064543,0.005777832,0.006732646
477536,scaffold_8,"scaffold_8:490603\G,\T",490603,0,T,G,0.096,-0.1876844,0.06772351,-193.3123,1e-05,1e-05,0.006069684,0.005782782,0.006738033
417646,scaffold_6,"scaffold_6:748589\C,\T",748589,0,T,C,0.156,-0.152502,0.05507352,-193.3184,1e-05,1e-05,0.006110651,0.005822228,0.00678096
505668,scaffold_9,"scaffold_9:389441\T,\C",389441,0,C,T,0.628,0.1222029,0.04333434,-193.3183,0.01419966,0.004809987,0.005249229,0.005821768,0.006812946
505665,scaffold_9,"scaffold_9:389356\G,\T",389356,0,T,G,0.628,0.1222029,0.04333434,-193.3183,0.01419966,0.004809987,0.005249229,0.005821768,0.006812946
370110,scaffold_5,"scaffold_5:354445\A,\G",354445,0,G,A,0.656,0.1163803,0.04206412,-193.3247,1e-05,1e-05,0.006152915,0.005862925,0.006825232
365009,scaffold_5,"scaffold_5:163141\G,\A",163141,0,A,G,0.092,-0.1912434,0.06922702,-193.3359,1e-05,1e-05,0.006229504,0.005936682,0.006905431
374669,scaffold_5,"scaffold_5:528011\T,\C",528011,0,C,T,0.748,0.1270819,0.04601051,-193.3374,1e-05,1e-05,0.006239378,0.005946192,0.006915768
131429,scaffold_16,"scaffold_16:121101\C,\G",121101,0,G,C,0.037,-0.2935552,0.1062849,-193.3375,1e-05,1e-05,0.006240363,0.005947141,0.006916799
338892,scaffold_4,"scaffold_4:610580\G,\A",610580,0,A,G,0.807,0.1399452,0.05067019,-193.3377,1e-05,1e-05,0.006241842,0.005948565,0.006918347
255105,scaffold_2,"scaffold_2:473419\G,\A",473419,0,A,G,0.078,-0.2057808,0.07452656,-193.3396,1e-05,1e-05,0.006254972,0.005961211,0.006932091
255106,scaffold_2,"scaffold_2:473434\T,\C",473434,0,C,T,0.078,-0.2057808,0.07452656,-193.3396,1e-05,1e-05,0.006254972,0.005961211,0.006932091
264108,scaffold_2,"scaffold_2:831572\A,\G",831572,0,G,A,0.069,-0.2179767,0.07894796,-193.3401,1e-05,1e-05,0.006257879,0.00596401,0.006935133
263893,scaffold_2,"scaffold_2:823034\G,\A",823034,0,A,G,0.069,-0.2179767,0.07894796,-193.3401,1e-05,1e-05,0.006257879,0.00596401,0.006935133
264255,scaffold_2,"scaffold_2:837380\C,\T",837380,0,T,C,0.069,-0.2179767,0.07894796,-193.3401,1e-05,1e-05,0.006257879,0.00596401,0.006935133
264001,scaffold_2,"scaffold_2:827136\C,\T",827136,0,T,C,0.069,-0.2179767,0.07894796,-193.3401,1e-05,1e-05,0.006257879,0.00596401,0.006935133
263892,scaffold_2,"scaffold_2:823033\A,\G",823033,0,G,A,0.069,-0.2179767,0.07894796,-193.3401,1e-05,1e-05,0.006257879,0.00596401,0.006935133
264002,scaffold_2,"scaffold_2:827204\G,\A",827204,0,A,G,0.069,-0.2179767,0.07894796,-193.3401,1e-05,1e-05,0.006257879,0.00596401,0.006935133
264196,scaffold_2,"scaffold_2:834465\G,\T",834465,0,T,G,0.069,-0.2179767,0.07894796,-193.3401,1e-05,1e-05,0.006257879,0.00596401,0.006935133
264184,scaffold_2,"scaffold_2:834224\C,\T",834224,0,T,C,0.069,-0.2179767,0.07894796,-193.3401,1e-05,1e-05,0.006257879,0.00596401,0.006935133
263996,scaffold_2,"scaffold_2:826969\T,\G",826969,0,G,T,0.069,-0.2179767,0.07894796,-193.3401,1e-05,1e-05,0.006257879,0.00596401,0.006935133
263850,scaffold_2,"scaffold_2:821533\G,\C",821533,0,C,G,0.069,-0.2179767,0.07894796,-193.3401,1e-05,1e-05,0.006257879,0.00596401,0.006935133
263840,scaffold_2,"scaffold_2:821227\C,\A",821227,0,A,C,0.069,-0.2179767,0.07894796,-193.3401,1e-05,1e-05,0.006257879,0.00596401,0.006935133
263846,scaffold_2,"scaffold_2:821428\G,\A",821428,0,A,G,0.069,-0.2179767,0.07894796,-193.3401,1e-05,1e-05,0.006257879,0.00596401,0.006935133
264214,scaffold_2,"scaffold_2:835263\A,\G",835263,0,G,A,0.069,-0.2179767,0.07894796,-193.3401,1e-05,1e-05,0.006257879,0.00596401,0.006935133
366761,scaffold_5,"scaffold_5:229591\A,\G",229591,0,G,A,0.748,0.1269446,0.04601227,-193.3457,1e-05,1e-05,0.006296616,0.006001321,0.006975674
417740,scaffold_6,"scaffold_6:753391\C,\T",753391,0,T,C,0.183,-0.1422791,0.05163304,-193.3547,1e-05,1e-05,0.006359132,0.006061539,0.00704108
275150,scaffold_2,"scaffold_2:1246195\G,\A",1246195,0,A,G,0.018,-0.4103013,0.1489102,-193.3553,1e-05,1e-05,0.00636329,0.006065544,0.007045429
429500,scaffold_6,"scaffold_6:1242796\C,\T",1242796,0,T,C,0.018,-0.4103013,0.1489102,-193.3553,1e-05,1e-05,0.00636329,0.006065544,0.007045429
510774,scaffold_9,"scaffold_9:571284\C,\T",571284,0,T,C,0.018,-0.4103013,0.1489102,-193.3553,1e-05,1e-05,0.00636329,0.006065544,0.007045429
346687,scaffold_4,"scaffold_4:904306\T,\C",904306,0,C,T,0.018,-0.4103013,0.1489102,-193.3553,1e-05,1e-05,0.00636329,0.006065544,0.007045429
118691,scaffold_15,"scaffold_15:322209\G,\A",322209,0,A,G,0.018,-0.4103013,0.1489102,-193.3553,1e-05,1e-05,0.00636329,0.006065544,0.007045429
32448,scaffold_11,"scaffold_11:310867\C,\T",310867,0,T,C,0.018,-0.4103013,0.1489102,-193.3553,1e-05,1e-05,0.00636329,0.006065544,0.007045429
63075,scaffold_12,"scaffold_12:605385\G,\A",605385,0,A,G,0.018,-0.4103013,0.1489102,-193.3553,1e-05,1e-05,0.00636329,0.006065544,0.007045429
241467,scaffold_1,"scaffold_1:2107826\G,\A",2107826,0,A,G,0.018,-0.4103013,0.1489102,-193.3553,1e-05,1e-05,0.00636329,0.006065544,0.007045429
165296,scaffold_18,"scaffold_18:167603\G,\C",167603,0,C,G,0.018,-0.4103013,0.1489102,-193.3553,1e-05,1e-05,0.00636329,0.006065544,0.007045429
189853,scaffold_1,"scaffold_1:209837\A,\G",209837,0,G,A,0.018,-0.4103013,0.1489102,-193.3553,1e-05,1e-05,0.00636329,0.006065544,0.007045429
218718,scaffold_1,"scaffold_1:1283624\T,\C",1283624,0,C,T,0.018,-0.4103013,0.1489102,-193.3553,1e-05,1e-05,0.00636329,0.006065544,0.007045429
252013,scaffold_2,"scaffold_2:359761\C,\T",359761,0,T,C,0.018,-0.4103013,0.1489102,-193.3553,1e-05,1e-05,0.00636329,0.006065544,0.007045429
519099,scaffold_9,"scaffold_9:915462\G,\A",915462,0,A,G,0.018,-0.4103013,0.1489102,-193.3553,1e-05,1e-05,0.00636329,0.006065544,0.007045429
261844,scaffold_2,"scaffold_2:745927\A,\G",745927,0,G,A,0.018,-0.4103013,0.1489102,-193.3553,1e-05,1e-05,0.00636329,0.006065544,0.007045429
453169,scaffold_7,"scaffold_7:818189\G,\A",818189,0,A,G,0.018,-0.4103013,0.1489102,-193.3553,1e-05,1e-05,0.00636329,0.006065544,0.007045429
134824,scaffold_16,"scaffold_16:278636\C,\T",278636,0,T,C,0.018,-0.4103013,0.1489102,-193.3553,1e-05,1e-05,0.00636329,0.006065544,0.007045429
156526,scaffold_17,"scaffold_17:482619\G,\C",482619,0,C,G,0.018,-0.4103013,0.1489102,-193.3553,1e-05,1e-05,0.00636329,0.006065544,0.007045429
282299,scaffold_2,"scaffold_2:1534778\G,\A",1534778,0,A,G,0.018,-0.4103013,0.1489102,-193.3553,1e-05,1e-05,0.00636329,0.006065544,0.007045429
264245,scaffold_2,"scaffold_2:836512\C,\T",836512,0,T,C,0.018,-0.4103013,0.1489102,-193.3553,1e-05,1e-05,0.00636329,0.006065544,0.007045429
376504,scaffold_5,"scaffold_5:600553\G,\A",600553,0,A,G,0.018,-0.4103013,0.1489102,-193.3553,1e-05,1e-05,0.00636329,0.006065544,0.007045429
105406,scaffold_14,"scaffold_14:554003\G,\A",554003,0,A,G,0.018,-0.4103013,0.1489102,-193.3553,1e-05,1e-05,0.00636329,0.006065544,0.007045429
94372,scaffold_14,"scaffold_14:127603\A,\T",127603,0,T,A,0.018,-0.4103013,0.1489102,-193.3553,1e-05,1e-05,0.00636329,0.006065544,0.007045429
281496,scaffold_2,"scaffold_2:1494665\G,\A",1494665,0,A,G,0.018,-0.4103013,0.1489102,-193.3553,1e-05,1e-05,0.00636329,0.006065544,0.007045429
106700,scaffold_14,"scaffold_14:598947\G,\A",598947,0,A,G,0.018,-0.4103013,0.1489102,-193.3553,1e-05,1e-05,0.00636329,0.006065544,0.007045429
184599,scaffold_1,"scaffold_1:1400\C,\G",1400,0,G,C,0.018,-0.4103013,0.1489102,-193.3553,1e-05,1e-05,0.00636329,0.006065544,0.007045429
255284,scaffold_2,"scaffold_2:480070\A,\G",480070,0,G,A,0.018,-0.4103013,0.1489102,-193.3553,1e-05,1e-05,0.00636329,0.006065544,0.007045429
174537,scaffold_18,"scaffold_18:524166\G,\A",524166,0,A,G,0.018,-0.4103013,0.1489102,-193.3553,1e-05,1e-05,0.00636329,0.006065544,0.007045429
87240,scaffold_13,"scaffold_13:663138\G,\C",663138,0,C,G,0.018,-0.4103013,0.1489102,-193.3553,1e-05,1e-05,0.00636329,0.006065544,0.007045429
74139,scaffold_13,"scaffold_13:208033\G,\C",208033,0,C,G,0.018,-0.4103013,0.1489102,-193.3553,1e-05,1e-05,0.00636329,0.006065544,0.007045429
175057,scaffold_18,"scaffold_18:542679\C,\T",542679,0,T,C,0.018,-0.4103013,0.1489102,-193.3553,1e-05,1e-05,0.00636329,0.006065544,0.007045429
111579,scaffold_15,"scaffold_15:18298\C,\T",18298,0,T,C,0.018,-0.4103013,0.1489102,-193.3553,1e-05,1e-05,0.00636329,0.006065544,0.007045429
94371,scaffold_14,"scaffold_14:127592\T,\G",127592,0,G,T,0.018,-0.4103013,0.1489102,-193.3553,1e-05,1e-05,0.00636329,0.006065544,0.007045429
466354,scaffold_8,"scaffold_8:46692\A,\C",46692,0,C,A,0.018,-0.4103013,0.1489102,-193.3553,1e-05,1e-05,0.00636329,0.006065544,0.007045429
375669,scaffold_5,"scaffold_5:567311\G,\A",567311,0,A,G,0.628,0.1139557,0.04135909,-193.3555,1e-05,1e-05,0.006364886,0.006067081,0.007047099
302931,scaffold_3,"scaffold_3:697349\T,\C",697349,0,C,T,0.092,-0.1907574,0.0692337,-193.3555,1e-05,1e-05,0.006365046,0.006067235,0.007047266
255172,scaffold_2,"scaffold_2:475683\T,\C",475683,0,C,T,0.069,-0.2173022,0.07895654,-193.3638,1e-05,1e-05,0.006423385,0.006123436,0.007108277
255171,scaffold_2,"scaffold_2:475680\C,\T",475680,0,T,C,0.069,-0.2173022,0.07895654,-193.3638,1e-05,1e-05,0.006423385,0.006123436,0.007108277
302053,scaffold_3,"scaffold_3:664310\T,\C",664310,0,C,T,0.092,-0.1905277,0.06923664,-193.3647,1e-05,1e-05,0.006429847,0.006129662,0.007115033
249213,scaffold_2,"scaffold_2:227626\G,\A",227626,0,A,G,0.083,-0.1997924,0.0726166,-193.3661,1e-05,1e-05,0.006439351,0.006138819,0.007124971
398409,scaffold_6,"scaffold_6:62134\T,\C",62134,0,C,T,0.835,0.1479482,0.0538293,-193.3738,1e-05,1e-05,0.006493894,0.006191368,0.007181986
505670,scaffold_9,"scaffold_9:389516\C,\A",389516,0,A,C,0.624,0.1223473,0.04356503,-193.3704,0.0163643,0.006417215,0.00543536,0.006168384,0.007216123
375780,scaffold_5,"scaffold_5:570360\T,\C",570360,0,C,T,0.702,0.1199498,0.0436938,-193.3824,1e-05,1e-05,0.006556014,0.006251224,0.0072469
460632,scaffold_7,"scaffold_7:1090846\A,\G",1090846,1,G,A,0.816,0.1417617,0.05166724,-193.3864,1e-05,1e-05,0.006584834,0.006278996,0.007277007
77611,scaffold_13,"scaffold_13:325295\T,\C",325295,0,C,T,0.046,-0.2621274,0.09554262,-193.3869,1e-05,1e-05,0.006588316,0.006282351,0.007280644
461692,scaffold_7,"scaffold_7:1132246\C,\A",1132246,0,A,C,0.101,-0.18205,0.06635725,-193.3871,1e-05,1e-05,0.006589909,0.006283886,0.007282308
119083,scaffold_15,"scaffold_15:335003\T,\G",335003,0,G,T,0.06,-0.2311728,0.08441205,-193.4001,1e-05,1e-05,0.00668472,0.006375258,0.007381317
119123,scaffold_15,"scaffold_15:336578\T,\G",336578,0,G,T,0.06,-0.2311728,0.08441205,-193.4001,1e-05,1e-05,0.00668472,0.006375258,0.007381317
118848,scaffold_15,"scaffold_15:327566\T,\C",327566,0,C,T,0.06,-0.2311728,0.08441205,-193.4001,1e-05,1e-05,0.00668472,0.006375258,0.007381317
119082,scaffold_15,"scaffold_15:335001\T,\A",335001,0,A,T,0.06,-0.2311728,0.08441205,-193.4001,1e-05,1e-05,0.00668472,0.006375258,0.007381317
118990,scaffold_15,"scaffold_15:331948\C,\T",331948,0,T,C,0.06,-0.2311728,0.08441205,-193.4001,1e-05,1e-05,0.00668472,0.006375258,0.007381317
118893,scaffold_15,"scaffold_15:329032\C,\T",329032,0,T,C,0.06,-0.2311728,0.08441205,-193.4001,1e-05,1e-05,0.00668472,0.006375258,0.007381317
119255,scaffold_15,"scaffold_15:341368\C,\T",341368,0,T,C,0.06,-0.2311728,0.08441205,-193.4001,1e-05,1e-05,0.00668472,0.006375258,0.007381317
118140,scaffold_15,"scaffold_15:304549\G,\C",304549,0,C,G,0.06,-0.2311728,0.08441205,-193.4001,1e-05,1e-05,0.00668472,0.006375258,0.007381317
114927,scaffold_15,"scaffold_15:173867\T,\C",173867,0,C,T,0.06,-0.2311612,0.08441218,-193.4005,1e-05,1e-05,0.006687506,0.006377943,0.007384226
312032,scaffold_3,"scaffold_3:1047686\A,\G",1047686,0,G,A,0.069,-0.2162015,0.07897045,-193.4024,1e-05,1e-05,0.006701858,0.006391776,0.007399208
245756,scaffold_2,"scaffold_2:90043\G,\C",90043,0,C,G,0.069,-0.216128,0.07897146,-193.405,1e-05,1e-05,0.006720896,0.006410125,0.00741908
131442,scaffold_16,"scaffold_16:121308\G,\A",121308,0,A,G,0.041,-0.2749555,0.1004772,-193.4058,1e-05,1e-05,0.006726632,0.006415654,0.007425067
418053,scaffold_6,"scaffold_6:765443\C,\G",765443,0,G,C,0.206,-0.1349725,0.04939204,-193.416,1e-05,1e-05,0.006802421,0.006488708,0.007504154
324252,scaffold_4,"scaffold_4:53129\C,\A",53129,0,A,C,0.069,-0.2156486,0.07897757,-193.4218,1e-05,1e-05,0.00684587,0.006530593,0.007549478
323976,scaffold_4,"scaffold_4:43993\A,\C",43993,0,C,A,0.069,-0.2156486,0.07897757,-193.4218,1e-05,1e-05,0.00684587,0.006530593,0.007549478
360285,scaffold_4,"scaffold_4:1448501\G,\C",1448501,0,C,G,0.069,-0.2156486,0.07897757,-193.4218,1e-05,1e-05,0.00684587,0.006530593,0.007549478
324033,scaffold_4,"scaffold_4:46471\G,\A",46471,0,A,G,0.069,-0.2156486,0.07897757,-193.4218,1e-05,1e-05,0.00684587,0.006530593,0.007549478
324034,scaffold_4,"scaffold_4:46494\T,\G",46494,0,G,T,0.069,-0.2156486,0.07897757,-193.4218,1e-05,1e-05,0.00684587,0.006530593,0.007549478
324110,scaffold_4,"scaffold_4:48804\G,\A",48804,0,A,G,0.069,-0.2156486,0.07897757,-193.4218,1e-05,1e-05,0.00684587,0.006530593,0.007549478
463189,scaffold_7,"scaffold_7:1192335\C,\T",1192335,0,T,C,0.069,-0.2156486,0.07897757,-193.4218,1e-05,1e-05,0.00684587,0.006530593,0.007549478
360268,scaffold_4,"scaffold_4:1447975\G,\A",1447975,0,A,G,0.069,-0.2156486,0.07897757,-193.4218,1e-05,1e-05,0.00684587,0.006530593,0.007549478
480613,scaffold_8,"scaffold_8:613964\G,\A",613964,0,A,G,0.069,-0.2156486,0.07897757,-193.4218,1e-05,1e-05,0.00684587,0.006530593,0.007549478
480801,scaffold_8,"scaffold_8:622030\C,\A",622030,0,A,C,0.069,-0.2156486,0.07897757,-193.4218,1e-05,1e-05,0.00684587,0.006530593,0.007549478
463136,scaffold_7,"scaffold_7:1191087\C,\T",1191087,0,T,C,0.069,-0.2156486,0.07897757,-193.4218,1e-05,1e-05,0.00684587,0.006530593,0.007549478
324389,scaffold_4,"scaffold_4:57472\G,\A",57472,0,A,G,0.069,-0.2156486,0.07897757,-193.4218,1e-05,1e-05,0.00684587,0.006530593,0.007549478
323826,scaffold_4,"scaffold_4:38513\C,\T",38513,0,T,C,0.069,-0.2156486,0.07897757,-193.4218,1e-05,1e-05,0.00684587,0.006530593,0.007549478
323830,scaffold_4,"scaffold_4:38625\C,\T",38625,0,T,C,0.069,-0.2156486,0.07897757,-193.4218,1e-05,1e-05,0.00684587,0.006530593,0.007549478
324260,scaffold_4,"scaffold_4:53364\G,\A",53364,0,A,G,0.069,-0.2156486,0.07897757,-193.4218,1e-05,1e-05,0.00684587,0.006530593,0.007549478
152939,scaffold_17,"scaffold_17:322372\T,\G",322372,0,G,T,0.069,-0.2156486,0.07897757,-193.4218,1e-05,1e-05,0.00684587,0.006530593,0.007549478
323789,scaffold_4,"scaffold_4:37292\T,\C",37292,0,C,T,0.069,-0.2156486,0.07897757,-193.4218,1e-05,1e-05,0.00684587,0.006530593,0.007549478
324283,scaffold_4,"scaffold_4:53937\C,\T",53937,0,T,C,0.069,-0.2156486,0.07897757,-193.4218,1e-05,1e-05,0.00684587,0.006530593,0.007549478
152937,scaffold_17,"scaffold_17:322318\A,\G",322318,0,G,A,0.069,-0.2156486,0.07897757,-193.4218,1e-05,1e-05,0.00684587,0.006530593,0.007549478
246258,scaffold_2,"scaffold_2:110810\G,\A",110810,0,A,G,0.069,-0.2156486,0.07897757,-193.4218,1e-05,1e-05,0.00684587,0.006530593,0.007549478
505200,scaffold_9,"scaffold_9:372876\T,\C",372876,0,C,T,0.775,0.1307157,0.04789225,-193.4248,1e-05,1e-05,0.006868679,0.006552581,0.007573266
300687,scaffold_3,"scaffold_3:616687\G,\A",616687,0,A,G,0.092,-0.1889595,0.06925653,-193.4274,1e-05,1e-05,0.006888233,0.006571433,0.007593658
516737,scaffold_9,"scaffold_9:809390\C,\T",809390,0,T,C,0.046,-0.2606382,0.0955613,-193.4299,1e-05,1e-05,0.006907507,0.006590016,0.007613755
418015,scaffold_6,"scaffold_6:764056\T,\C",764056,0,C,T,0.193,-0.1381385,0.05069278,-193.4364,1e-05,1e-05,0.006956856,0.006637596,0.007665203
253850,scaffold_2,"scaffold_2:426424\A,\G",426424,0,G,A,0.817,0.1405677,0.05165471,-193.4463,1e-05,1e-05,0.007032929,0.00671095,0.007744485
303230,scaffold_3,"scaffold_3:708258\T,\A",708258,0,A,T,0.092,-0.1884037,0.06926353,-193.4494,1e-05,1e-05,0.007057543,0.006734685,0.007770129
463135,scaffold_7,"scaffold_7:1191069\A,\G",1191069,0,G,A,0.119,-0.1778991,0.06417358,-193.4488,0.01404074,0.004340363,0.006054919,0.006729973,0.00778971
463138,scaffold_7,"scaffold_7:1191142\T,\C",1191142,0,C,T,0.119,-0.1778991,0.06417358,-193.4488,0.01404074,0.004340363,0.006054919,0.006729973,0.00778971
374094,scaffold_5,"scaffold_5:501633\T,\C",501633,0,C,T,0.72,0.1210756,0.04453993,-193.4541,1e-05,1e-05,0.007093475,0.006769337,0.007807561
197704,scaffold_1,"scaffold_1:506595\C,\T",506595,0,T,C,0.018,-0.4524181,0.1565438,-193.3688,0.04107283,0.03421917,0.004244798,0.006157537,0.007838164
197703,scaffold_1,"scaffold_1:506589\A,\G",506589,0,G,A,0.018,-0.4524181,0.1565438,-193.3688,0.04107283,0.03421917,0.004244798,0.006157537,0.007838164
197705,scaffold_1,"scaffold_1:506622\C,\G",506622,0,G,C,0.018,-0.4524181,0.1565438,-193.3688,0.04107283,0.03421917,0.004244798,0.006157537,0.007838164
302968,scaffold_3,"scaffold_3:698738\A,\C",698738,0,C,A,0.092,-0.1881616,0.06926658,-193.459,1e-05,1e-05,0.007132454,0.006806929,0.007848158
309210,scaffold_3,"scaffold_3:930448\G,\A",930448,0,A,G,0.092,-0.1881168,0.06926714,-193.4608,1e-05,1e-05,0.007146402,0.006820382,0.007862683
121879,scaffold_15,"scaffold_15:442168\T,\C",442168,0,C,T,0.115,-0.1702792,0.06275362,-193.4671,1e-05,1e-05,0.007195765,0.006867992,0.007914078
63064,scaffold_12,"scaffold_12:604805\C,\T",604805,0,T,C,0.138,-0.1574213,0.05804363,-193.4706,1e-05,1e-05,0.007223833,0.006895065,0.007943297
65669,scaffold_12,"scaffold_12:716155\G,\C",716155,0,C,G,0.046,-0.2592127,0.09557896,-193.4708,1e-05,1e-05,0.007225825,0.006896986,0.00794537
224597,scaffold_1,"scaffold_1:1494719\G,\T",1494719,0,T,G,0.046,-0.2592127,0.09557896,-193.4708,1e-05,1e-05,0.007225825,0.006896986,0.00794537
65670,scaffold_12,"scaffold_12:716156\G,\A",716156,0,A,G,0.046,-0.2592127,0.09557896,-193.4708,1e-05,1e-05,0.007225825,0.006896986,0.00794537
65663,scaffold_12,"scaffold_12:715928\G,\C",715928,0,C,G,0.046,-0.2592127,0.09557896,-193.4708,1e-05,1e-05,0.007225825,0.006896986,0.00794537
65339,scaffold_12,"scaffold_12:702057\G,\T",702057,0,T,G,0.046,-0.2592127,0.09557896,-193.4708,1e-05,1e-05,0.007225825,0.006896986,0.00794537
65657,scaffold_12,"scaffold_12:715761\C,\T",715761,0,T,C,0.046,-0.2592127,0.09557896,-193.4708,1e-05,1e-05,0.007225825,0.006896986,0.00794537
65603,scaffold_12,"scaffold_12:713492\A,\C",713492,0,C,A,0.046,-0.2592127,0.09557896,-193.4708,1e-05,1e-05,0.007225825,0.006896986,0.00794537
65572,scaffold_12,"scaffold_12:712504\C,\G",712504,0,G,C,0.046,-0.2592127,0.09557896,-193.4708,1e-05,1e-05,0.007225825,0.006896986,0.00794537
65310,scaffold_12,"scaffold_12:700716\A,\G",700716,0,G,A,0.046,-0.2592127,0.09557896,-193.4708,1e-05,1e-05,0.007225825,0.006896986,0.00794537
115605,scaffold_15,"scaffold_15:195283\T,\C",195283,0,C,T,0.087,-0.1922001,0.07089165,-193.4731,1e-05,1e-05,0.007243647,0.006914177,0.00796392
116313,scaffold_15,"scaffold_15:219349\T,\C",219349,0,C,T,0.06,-0.2288426,0.08444145,-193.476,1e-05,1e-05,0.007267055,0.006936757,0.007988282
118869,scaffold_15,"scaffold_15:328440\C,\T",328440,0,T,C,0.06,-0.2288426,0.08444145,-193.476,1e-05,1e-05,0.007267055,0.006936757,0.007988282
119699,scaffold_15,"scaffold_15:358776\G,\A",358776,0,A,G,0.06,-0.2288426,0.08444145,-193.476,1e-05,1e-05,0.007267055,0.006936757,0.007988282
114907,scaffold_15,"scaffold_15:173340\C,\G",173340,0,G,C,0.06,-0.228831,0.08444157,-193.4764,1e-05,1e-05,0.007270058,0.006939653,0.007991406
113800,scaffold_15,"scaffold_15:127219\C,\T",127219,0,T,C,0.06,-0.2288077,0.0844416,-193.4771,1e-05,1e-05,0.007275926,0.006945314,0.007997514
12871,scaffold_10,"scaffold_10:511416\T,\C",511416,0,C,T,0.06,-0.228168,0.08444987,-193.4978,1e-05,1e-05,0.007443863,0.007107333,0.008172197
300126,scaffold_3,"scaffold_3:596872\G,\A",596872,0,A,G,0.06,-0.2280052,0.08445192,-193.5031,1e-05,1e-05,0.007487099,0.007149052,0.008217147
375243,scaffold_5,"scaffold_5:552766\A,\G",552766,0,G,A,0.683,0.1160613,0.04299832,-193.5047,1e-05,1e-05,0.007500537,0.007162018,0.008231115
115934,scaffold_15,"scaffold_15:205329\A,\C",205329,0,C,A,0.092,-0.1867337,0.06928431,-193.5153,1e-05,1e-05,0.00758871,0.007247106,0.008322746
214754,scaffold_1,"scaffold_1:1135484\G,\A",1135484,0,A,G,0.069,-0.2128863,0.07901224,-193.5175,1e-05,1e-05,0.007607106,0.00726486,0.008341859
38728,scaffold_11,"scaffold_11:579767\G,\A",579767,0,A,G,0.229,0.1281196,0.04757221,-193.5206,1e-05,1e-05,0.00763332,0.007290159,0.008369091
300846,scaffold_3,"scaffold_3:622842\A,\G",622842,0,G,A,0.092,-0.1863637,0.06928909,-193.5298,1e-05,1e-05,0.007711291,0.007365415,0.00845007
306433,scaffold_3,"scaffold_3:828668\A,\C",828668,0,C,A,0.092,-0.1863637,0.06928909,-193.5298,1e-05,1e-05,0.007711291,0.007365415,0.00845007
355539,scaffold_4,"scaffold_4:1256157\T,\A",1256157,0,A,T,0.028,-0.3288021,0.1222557,-193.5303,1e-05,1e-05,0.007715589,0.007369564,0.008454534
355541,scaffold_4,"scaffold_4:1256196\G,\A",1256196,0,A,G,0.028,-0.3288021,0.1222557,-193.5303,1e-05,1e-05,0.007715589,0.007369564,0.008454534
107018,scaffold_14,"scaffold_14:610033\A,\G",610033,0,G,A,0.028,-0.3288021,0.1222557,-193.5303,1e-05,1e-05,0.007715589,0.007369564,0.008454534
102921,scaffold_14,"scaffold_14:453242\A,\G",453242,0,G,A,0.028,-0.3288021,0.1222557,-193.5303,1e-05,1e-05,0.007715589,0.007369564,0.008454534
453811,scaffold_7,"scaffold_7:844819\G,\T",844819,0,T,G,0.028,-0.3288021,0.1222557,-193.5303,1e-05,1e-05,0.007715589,0.007369564,0.008454534
77655,scaffold_13,"scaffold_13:327597\C,\T",327597,0,T,C,0.028,-0.3288021,0.1222557,-193.5303,1e-05,1e-05,0.007715589,0.007369564,0.008454534
107021,scaffold_14,"scaffold_14:610057\A,\C",610057,0,C,A,0.028,-0.3288021,0.1222557,-193.5303,1e-05,1e-05,0.007715589,0.007369564,0.008454534
107020,scaffold_14,"scaffold_14:610048\T,\C",610048,0,C,T,0.028,-0.3288021,0.1222557,-193.5303,1e-05,1e-05,0.007715589,0.007369564,0.008454534
77657,scaffold_13,"scaffold_13:327663\G,\A",327663,0,A,G,0.028,-0.3288021,0.1222557,-193.5303,1e-05,1e-05,0.007715589,0.007369564,0.008454534
107019,scaffold_14,"scaffold_14:610045\G,\C",610045,0,C,G,0.028,-0.3288021,0.1222557,-193.5303,1e-05,1e-05,0.007715589,0.007369564,0.008454534
107017,scaffold_14,"scaffold_14:610024\C,\G",610024,0,G,C,0.028,-0.3288021,0.1222557,-193.5303,1e-05,1e-05,0.007715589,0.007369564,0.008454534
107016,scaffold_14,"scaffold_14:610018\A,\G",610018,0,G,A,0.028,-0.3288021,0.1222557,-193.5303,1e-05,1e-05,0.007715589,0.007369564,0.008454534
107012,scaffold_14,"scaffold_14:609839\G,\A",609839,0,A,G,0.028,-0.3288021,0.1222557,-193.5303,1e-05,1e-05,0.007715589,0.007369564,0.008454534
107011,scaffold_14,"scaffold_14:609833\G,\A",609833,0,A,G,0.028,-0.3288021,0.1222557,-193.5303,1e-05,1e-05,0.007715589,0.007369564,0.008454534
398354,scaffold_6,"scaffold_6:60015\G,\A",60015,0,A,G,0.083,-0.1953961,0.07267174,-193.5322,1e-05,1e-05,0.007731543,0.007384963,0.008471098
515424,scaffold_9,"scaffold_9:757963\T,\C",757963,0,C,T,0.018,-0.399725,0.149043,-193.5501,1e-05,1e-05,0.007885321,0.007533414,0.008630707
167465,scaffold_18,"scaffold_18:253509\G,\A",253509,0,A,G,0.018,-0.3997244,0.1490431,-193.5501,1e-05,1e-05,0.007885421,0.00753351,0.008630811
417745,scaffold_6,"scaffold_6:753531\A,\G",753531,0,G,A,0.147,-0.1515893,0.05652249,-193.5501,1e-05,1e-05,0.007885626,0.007533708,0.008631023
244956,scaffold_2,"scaffold_2:62434\G,\A",62434,0,A,G,0.046,-0.2563601,0.0956143,-193.552,1e-05,1e-05,0.007902497,0.007549996,0.008648527
264411,scaffold_2,"scaffold_2:842700\A,\G",842700,0,G,A,0.083,-0.1947993,0.07267917,-193.5545,1e-05,1e-05,0.007923697,0.007570465,0.00867052
417734,scaffold_6,"scaffold_6:753271\G,\C",753271,0,C,G,0.197,-0.1346669,0.05027136,-193.5583,1e-05,1e-05,0.007957284,0.007602894,0.00870536
289485,scaffold_3,"scaffold_3:217076\A,\G",217076,0,G,A,0.083,-0.1946163,0.07268128,-193.5612,1e-05,1e-05,0.007983318,0.007628031,0.00873236
62358,scaffold_12,"scaffold_12:579404\G,\T",579404,0,T,G,0.124,-0.1625844,0.06072637,-193.5621,1e-05,1e-05,0.007991178,0.00763562,0.008740512
247685,scaffold_2,"scaffold_2:166981\G,\A",166981,0,A,G,0.106,-0.1775152,0.06599618,-193.5707,0.004451227,1e-05,0.007708471,0.007708766,0.008819053
370136,scaffold_5,"scaffold_5:355330\G,\C",355330,0,C,G,0.706,0.1174554,0.04392869,-193.5714,1e-05,1e-05,0.008073529,0.007715142,0.008825897
304722,scaffold_3,"scaffold_3:767939\G,\A",767939,0,A,G,0.096,-0.1811408,0.06780542,-193.5774,1e-05,1e-05,0.008127137,0.007766912,0.008881464
305831,scaffold_3,"scaffold_3:808533\A,\G",808533,0,G,A,0.096,-0.1811408,0.06780542,-193.5774,1e-05,1e-05,0.008127137,0.007766912,0.008881464
187829,scaffold_1,"scaffold_1:120626\C,\T",120626,0,T,C,0.069,-0.2240956,0.08215327,-193.5781,0.01492485,0.005562796,0.00690085,0.007772639,0.008931476
374568,scaffold_5,"scaffold_5:523702\C,\T",523702,0,T,C,0.702,0.1167376,0.0437342,-193.5832,1e-05,1e-05,0.008179439,0.007817425,0.008935665
